-- MySQL dump 10.13  Distrib 8.0.21, for Win64 (x86_64)
--
-- Host: 127.0.0.1    Database: vk
-- ------------------------------------------------------
-- Server version	8.0.21-0ubuntu0.20.04.4

/*!40101 SET @OLD_CHARACTER_SET_CLIENT=@@CHARACTER_SET_CLIENT */;
/*!40101 SET @OLD_CHARACTER_SET_RESULTS=@@CHARACTER_SET_RESULTS */;
/*!40101 SET @OLD_COLLATION_CONNECTION=@@COLLATION_CONNECTION */;
/*!50503 SET NAMES utf8mb4 */;
/*!40103 SET @OLD_TIME_ZONE=@@TIME_ZONE */;
/*!40103 SET TIME_ZONE='+00:00' */;
/*!40014 SET @OLD_UNIQUE_CHECKS=@@UNIQUE_CHECKS, UNIQUE_CHECKS=0 */;
/*!40014 SET @OLD_FOREIGN_KEY_CHECKS=@@FOREIGN_KEY_CHECKS, FOREIGN_KEY_CHECKS=0 */;
/*!40101 SET @OLD_SQL_MODE=@@SQL_MODE, SQL_MODE='NO_AUTO_VALUE_ON_ZERO' */;
/*!40111 SET @OLD_SQL_NOTES=@@SQL_NOTES, SQL_NOTES=0 */;

--
-- Table structure for table `communities`
--

DROP TABLE IF EXISTS `communities`;
/*!40101 SET @saved_cs_client     = @@character_set_client */;
/*!50503 SET character_set_client = utf8mb4 */;
CREATE TABLE `communities` (
  `id` int unsigned NOT NULL AUTO_INCREMENT COMMENT '╨Ш╨┤╨╡╨╜╤В╨╕╤Д╨╕╨║╨░╤В╨╛╤А ╤Б╤А╨╛╨║╨╕',
  `name` varchar(150) CHARACTER SET utf8 COLLATE utf8_unicode_ci NOT NULL COMMENT '╨Э╨░╨╖╨▓╨░╨╜╨╕╨╡ ╨│╤А╤Г╨┐╨┐╤Л',
  `created_at` datetime DEFAULT CURRENT_TIMESTAMP COMMENT '╨Т╤А╨╡╨╝╤П ╤Б╨╛╨╖╨┤╨░╨╜╨╕╤П ╤Б╤В╤А╨╛╨║╨╕',
  `updated_at` datetime DEFAULT CURRENT_TIMESTAMP ON UPDATE CURRENT_TIMESTAMP COMMENT '╨Т╤А╨╡╨╝╤П ╨╛╨▒╨╜╨╛╨▓╨╗╨╡╨╜╨╕╤П ╤Б╤В╤А╨╛╨║╨╕',
  PRIMARY KEY (`id`),
  UNIQUE KEY `name` (`name`)
) ENGINE=InnoDB AUTO_INCREMENT=101 DEFAULT CHARSET=utf8 COLLATE=utf8_unicode_ci COMMENT='╨У╤А╤Г╨┐╨┐╤Л';
/*!40101 SET character_set_client = @saved_cs_client */;

--
-- Dumping data for table `communities`
--

LOCK TABLES `communities` WRITE;
/*!40000 ALTER TABLE `communities` DISABLE KEYS */;
INSERT INTO `communities` VALUES (1,'consequuntur','1990-04-18 18:53:52','1990-03-29 20:19:28'),(2,'modi','1981-05-14 15:50:53','1995-04-11 05:56:30'),(3,'accusamus','1987-07-26 19:59:41','1974-01-31 16:22:48'),(4,'quidem','2002-11-02 14:22:06','1985-11-22 17:46:51'),(5,'est','1994-09-27 04:30:28','1995-10-13 14:52:29'),(6,'ea','1984-02-25 01:53:18','1970-04-06 05:09:53'),(7,'omnis','1970-10-20 10:28:28','2000-06-11 18:13:45'),(8,'totam','1999-05-09 17:35:30','1971-01-08 16:42:03'),(9,'voluptatem','1991-04-17 16:15:26','2006-12-12 14:44:06'),(10,'ab','2017-12-18 15:10:01','1978-06-18 02:19:58'),(11,'enim','1999-12-16 12:00:34','2020-07-03 16:58:32'),(12,'excepturi','1997-04-13 13:23:22','2019-04-06 19:48:16'),(13,'soluta','2005-10-06 05:33:14','1981-07-29 12:14:45'),(14,'delectus','2010-06-26 22:35:36','1976-06-19 19:07:33'),(15,'dolores','1978-06-07 23:51:43','1983-06-22 11:43:29'),(16,'blanditiis','2019-01-25 21:13:30','1985-10-18 19:05:15'),(17,'et','2016-08-28 09:47:03','1996-03-03 13:34:19'),(18,'similique','1987-02-23 03:13:15','2012-07-12 01:01:38'),(19,'recusandae','2004-06-21 10:49:06','1971-10-19 00:03:53'),(20,'iste','2009-08-30 08:56:23','2019-11-18 08:50:51');
/*!40000 ALTER TABLE `communities` ENABLE KEYS */;
UNLOCK TABLES;

--
-- Table structure for table `communities_users`
--

DROP TABLE IF EXISTS `communities_users`;
/*!40101 SET @saved_cs_client     = @@character_set_client */;
/*!50503 SET character_set_client = utf8mb4 */;
CREATE TABLE `communities_users` (
  `community_id` int unsigned NOT NULL COMMENT '╨б╤Б╤Л╨╗╨║╨░ ╨╜╨░ ╨│╤А╤Г╨┐╨┐╤Г',
  `user_id` int unsigned NOT NULL COMMENT '╨б╤Б╤Л╨╗╨║╨░ ╨╜╨░ ╨┐╨╛╨╗╤М╨╖╨╛╨▓╨░╤В╨╡╨╗╤П',
  `created_at` datetime DEFAULT CURRENT_TIMESTAMP COMMENT '╨Т╤А╨╡╨╝╤П ╤Б╨╛╨╖╨┤╨░╨╜╨╕╤П ╤Б╤В╤А╨╛╨║╨╕',
  PRIMARY KEY (`community_id`,`user_id`) COMMENT '╨б╨╛╤Б╤В╨░╨▓╨╜╨╛╨╣ ╨┐╨╡╤А╨▓╨╕╤З╨╜╤Л╨╣ ╨║╨╗╤О╤З'
) ENGINE=InnoDB DEFAULT CHARSET=utf8 COLLATE=utf8_unicode_ci COMMENT='╨г╤З╨░╤Б╤В╨╜╨╕╨║╨╕ ╨│╤А╤Г╨┐╨┐, ╤Б╨▓╤П╨╖╤М ╨╝╨╡╨╢╨┤╤Г ╨┐╨╛╨╗╤М╨╖╨╛╨▓╨░╤В╨╡╨╗╤П╨╝╨╕ ╨╕ ╨│╤А╤Г╨┐╨┐╨░╨╝╨╕';
/*!40101 SET character_set_client = @saved_cs_client */;

--
-- Dumping data for table `communities_users`
--

LOCK TABLES `communities_users` WRITE;
/*!40000 ALTER TABLE `communities_users` DISABLE KEYS */;
INSERT INTO `communities_users` VALUES (1,3,'1998-09-25 09:04:10'),(1,4,'1994-11-06 00:47:22'),(1,5,'1978-04-10 05:21:58'),(1,9,'1994-03-13 15:43:44'),(1,34,'1987-06-14 21:05:48'),(1,55,'2000-02-01 10:12:27'),(2,19,'1972-07-21 19:21:41'),(2,25,'2009-12-23 14:32:49'),(2,52,'1993-11-29 21:58:33'),(2,62,'1993-03-11 00:58:42'),(2,69,'1989-08-17 12:43:22'),(2,99,'2016-08-15 22:48:31'),(3,43,'1973-05-27 17:55:14'),(3,47,'1992-03-31 06:34:20'),(3,53,'1974-12-04 19:17:20'),(3,55,'1996-07-20 00:57:29'),(3,67,'2007-10-10 23:46:36'),(3,87,'1995-01-31 01:02:22'),(4,16,'1981-10-13 19:17:28'),(4,41,'2013-04-23 11:56:51'),(4,48,'1997-04-02 04:59:39'),(4,63,'2009-09-12 17:13:28'),(4,84,'1972-07-05 18:26:09'),(4,95,'1979-08-14 02:46:08'),(5,5,'2008-05-12 23:55:20'),(5,10,'1970-09-25 05:02:52'),(5,55,'1973-01-24 20:38:09'),(5,72,'2004-09-03 21:26:46'),(6,44,'1983-11-19 17:09:31'),(7,13,'2009-01-16 19:20:17'),(7,36,'2018-09-07 18:28:59'),(7,43,'2011-01-24 09:14:39'),(7,55,'2003-12-27 12:46:23'),(7,76,'1993-08-29 16:48:37'),(8,12,'2012-05-14 13:05:44'),(8,21,'1993-02-07 09:12:11'),(8,64,'2014-01-28 20:16:29'),(8,72,'1980-11-15 21:46:28'),(8,79,'1996-12-13 16:35:25'),(9,12,'1981-01-28 18:11:53'),(9,20,'2013-02-20 10:21:25'),(9,27,'2008-10-28 00:43:14'),(9,39,'1995-08-07 04:33:48'),(9,57,'2015-11-01 18:27:26'),(9,59,'1978-08-19 08:35:13'),(9,73,'1988-11-22 02:32:43'),(9,87,'1995-03-20 13:54:32'),(9,89,'1981-07-07 17:52:41'),(9,94,'1989-06-30 21:52:38'),(10,6,'2013-05-19 21:39:17'),(10,29,'1973-01-24 10:30:19'),(10,52,'1971-09-24 02:26:04'),(10,79,'1979-04-19 16:44:56'),(10,91,'1982-05-28 12:05:34'),(11,74,'1994-07-02 17:09:46'),(12,10,'1998-06-02 15:00:11'),(12,47,'1985-03-01 16:52:09'),(12,63,'1982-02-03 14:33:34'),(12,71,'1978-02-14 19:48:43'),(12,77,'2006-02-09 06:59:00'),(12,99,'2011-07-25 12:22:54'),(13,27,'1985-07-19 01:14:04'),(13,42,'1994-06-08 09:17:47'),(13,47,'1998-02-08 07:26:42'),(13,80,'1990-10-06 20:18:20'),(14,13,'2010-05-16 15:40:06'),(14,33,'2001-09-04 04:22:32'),(14,66,'2012-09-23 22:21:51'),(14,75,'1977-09-13 12:03:20'),(15,2,'2001-09-24 22:53:25'),(15,33,'1995-06-22 02:58:59'),(15,56,'2016-03-12 02:05:52'),(15,63,'1976-12-10 06:29:26'),(15,67,'2013-11-11 20:19:32'),(15,78,'2015-01-26 08:45:50'),(15,98,'1975-05-12 00:28:14'),(16,36,'1978-08-16 17:59:33'),(16,53,'1986-12-19 15:28:11'),(16,55,'2020-07-28 22:41:32'),(16,68,'2017-05-11 14:42:23'),(16,83,'1976-02-19 05:59:30'),(17,30,'2008-08-18 04:57:02'),(17,62,'1987-02-01 07:48:27'),(17,70,'2009-08-15 17:28:28'),(17,72,'2020-04-25 16:57:26'),(17,94,'1993-09-10 15:11:04'),(17,98,'1994-06-19 23:07:29'),(18,28,'1973-12-29 17:55:38'),(18,41,'2017-06-26 13:48:18'),(18,95,'1972-02-18 09:27:37'),(19,3,'1982-08-26 21:20:31'),(19,12,'1979-12-28 21:26:48'),(19,14,'1984-08-10 23:59:47'),(19,36,'1972-02-23 03:42:36'),(19,67,'2005-07-08 01:38:19'),(20,1,'1970-11-09 17:31:40'),(20,4,'1990-03-13 05:38:53'),(20,27,'1993-04-19 20:21:59'),(20,54,'1989-02-16 02:22:57'),(20,86,'1985-02-12 03:16:46');
/*!40000 ALTER TABLE `communities_users` ENABLE KEYS */;
UNLOCK TABLES;

--
-- Table structure for table `friendship`
--

DROP TABLE IF EXISTS `friendship`;
/*!40101 SET @saved_cs_client     = @@character_set_client */;
/*!50503 SET character_set_client = utf8mb4 */;
CREATE TABLE `friendship` (
  `user_id` int unsigned NOT NULL COMMENT '╨б╤Б╤Л╨╗╨║╨░ ╨╜╨░ ╨╕╨╜╨╕╤Ж╨╕╨░╤В╨╛╤А╨░ ╨┤╤А╤Г╨╢╨╡╤Б╨║╨╕╤Е ╨╛╤В╨╜╨╛╤И╨╡╨╜╨╕╨╣',
  `friend_id` int unsigned NOT NULL COMMENT '╨б╤Б╤Л╨╗╨║╨░ ╨╜╨░ ╨┐╨╛╨╗╤Г╤З╨░╤В╨╡╨╗╤П ╨┐╤А╨╕╨│╨╗╨░╤И╨╡╨╜╨╕╤П ╨┤╤А╤Г╨╢╨╕╤В╤М',
  `friendship_status_id` int unsigned NOT NULL,
  `requested_at` datetime DEFAULT CURRENT_TIMESTAMP COMMENT '╨Т╤А╨╡╨╝╤П ╨╛╤В╨┐╤А╨░╨▓╨╗╨╡╨╜╨╕╤П ╨┐╤А╨╕╨│╨╗╨░╤И╨╡╨╜╨╕╤П ╨┤╤А╤Г╨╢╨╕╤В╤М',
  `confirmed_at` datetime DEFAULT NULL COMMENT '╨Т╤А╨╡╨╝╤П ╨┐╨╛╨┤╤В╨▓╨╡╤А╨╢╨┤╨╡╨╜╨╕╤П ╨┐╤А╨╕╨│╨╗╨░╤И╨╡╨╜╨╕╤П',
  `created_at` datetime DEFAULT CURRENT_TIMESTAMP COMMENT '╨Т╤А╨╡╨╝╤П ╤Б╨╛╨╖╨┤╨░╨╜╨╕╤П ╤Б╤В╤А╨╛╨║╨╕',
  `updated_at` datetime DEFAULT CURRENT_TIMESTAMP ON UPDATE CURRENT_TIMESTAMP COMMENT '╨Т╤А╨╡╨╝╤П ╨╛╨▒╨╜╨╛╨▓╨╗╨╡╨╜╨╕╤П ╤Б╤В╤А╨╛╨║╨╕',
  PRIMARY KEY (`user_id`,`friend_id`) COMMENT '╨б╨╛╤Б╤В╨░╨▓╨╜╨╛╨╣ ╨┐╨╡╤А╨▓╨╕╤З╨╜╤Л╨╣ ╨║╨╗╤О╤З'
) ENGINE=InnoDB DEFAULT CHARSET=utf8 COLLATE=utf8_unicode_ci COMMENT='╨в╨░╨▒╨╗╨╕╤Ж╨░ ╨┤╤А╤Г╨╢╨▒╤Л';
/*!40101 SET character_set_client = @saved_cs_client */;

--
-- Dumping data for table `friendship`
--

LOCK TABLES `friendship` WRITE;
/*!40000 ALTER TABLE `friendship` DISABLE KEYS */;
INSERT INTO `friendship` VALUES (1,80,1,'2008-03-02 16:00:17','2002-01-16 16:38:30','1976-07-07 11:45:14','2020-08-28 15:31:46'),(2,59,1,'1995-10-20 11:16:17','1978-08-16 20:07:02','1970-05-06 00:27:25','2020-08-28 15:31:46'),(3,57,3,'1991-08-28 15:02:16','2004-05-09 05:28:34','1975-07-25 12:06:35','2020-08-28 15:31:46'),(4,5,3,'2011-07-27 01:01:45','2008-05-17 14:28:45','2019-11-22 16:34:47','2020-08-28 15:31:46'),(5,53,1,'2004-02-26 21:08:46','2018-10-10 16:20:50','1979-01-10 00:15:59','2020-08-28 15:31:46'),(6,52,2,'2002-02-23 16:41:28','1980-08-08 20:16:03','1978-12-02 04:14:00','2020-08-28 15:31:46'),(7,100,1,'1990-03-28 10:26:43','2017-04-09 22:35:37','2005-04-14 02:18:00','2020-08-28 15:31:46'),(8,43,1,'2003-12-30 15:56:06','1992-10-14 08:04:15','2013-03-19 12:53:46','2020-08-28 15:31:46'),(9,13,1,'1998-08-24 18:07:51','1992-11-30 19:20:00','1983-01-12 02:36:12','2020-08-28 15:31:46'),(10,37,1,'1985-12-22 20:09:56','1990-07-08 14:10:33','1985-05-23 17:28:03','2020-08-28 15:31:46'),(11,47,3,'1974-08-13 14:43:59','2013-06-12 16:37:38','1978-12-22 08:52:50','2020-08-28 15:31:46'),(12,23,1,'2010-03-06 04:21:15','2010-06-23 23:24:59','1989-12-28 23:16:54','2020-08-28 15:31:46'),(13,72,1,'2002-07-11 16:23:58','1990-12-16 04:36:08','1999-10-09 02:29:34','2020-08-28 15:31:46'),(14,92,3,'1991-06-24 17:16:33','2004-11-07 16:04:44','1984-02-18 04:05:06','2020-08-28 15:31:46'),(15,44,2,'2010-11-21 11:18:44','2007-11-15 02:41:55','2007-12-04 15:16:17','2020-08-28 15:31:46'),(16,43,2,'1984-09-06 11:20:02','2003-10-14 23:00:17','1976-12-21 04:46:40','2020-08-28 15:31:46'),(17,82,1,'1976-12-04 08:07:47','2005-08-05 20:30:47','1988-08-16 12:22:31','2020-08-28 15:31:46'),(18,82,2,'2007-05-24 23:07:19','1976-11-03 04:46:07','2012-09-16 21:09:15','2020-08-28 15:31:46'),(19,64,3,'2001-03-29 16:14:51','1981-11-11 05:56:41','2009-08-27 21:54:20','2020-08-28 15:31:46'),(20,72,1,'2009-05-16 13:13:07','1988-06-21 00:41:05','1975-10-21 13:34:08','2020-08-28 15:31:46'),(21,68,3,'1983-03-06 17:12:41','1982-02-28 01:11:49','2011-04-25 15:12:00','2020-08-28 15:31:46'),(22,25,2,'2016-02-01 07:26:22','2008-05-30 10:31:36','1996-12-14 00:29:22','2020-08-28 15:31:46'),(23,20,2,'1998-05-10 17:37:21','2014-11-16 13:49:34','1994-10-15 21:37:35','2020-08-28 15:31:46'),(24,23,2,'1973-03-05 07:29:16','1981-11-01 15:02:05','1993-06-04 12:58:13','2020-08-28 15:31:46'),(25,56,3,'2017-07-16 18:00:56','1972-06-09 04:00:12','2013-03-03 07:35:10','2020-08-28 15:31:46'),(26,11,2,'1978-10-21 13:58:31','1997-05-28 04:06:05','2020-06-07 02:26:10','2020-08-28 15:31:46'),(27,84,3,'1979-11-02 02:27:42','2009-07-28 17:41:44','2014-08-31 14:25:01','2020-08-28 15:31:46'),(28,89,1,'1973-09-06 11:25:50','1975-09-17 17:15:20','2015-01-08 09:59:43','2020-08-28 15:31:46'),(29,93,2,'2005-06-17 02:38:05','1974-04-16 09:17:04','1995-01-11 17:18:17','2020-08-28 15:31:46'),(30,96,1,'1976-06-23 02:38:25','1984-12-11 21:14:09','1990-07-23 11:32:17','2020-08-28 15:31:46'),(31,100,2,'1993-10-12 22:40:47','1978-10-04 15:37:27','1973-10-09 19:45:15','2020-08-28 15:31:46'),(32,11,2,'1995-06-04 12:35:04','1984-07-06 02:19:27','2003-01-12 12:12:59','2020-08-28 15:31:46'),(33,54,1,'1971-08-27 01:57:56','1983-06-27 18:43:02','2000-09-12 02:59:57','2020-08-28 15:31:46'),(34,35,2,'1978-10-19 01:29:22','2000-11-08 00:21:28','2020-02-18 18:09:41','2020-08-28 15:31:46'),(35,16,2,'2002-06-13 00:13:35','1991-04-23 15:11:43','1974-11-23 03:53:38','2020-08-28 15:31:46'),(36,74,3,'2013-02-19 14:04:37','1977-10-06 11:58:20','1984-09-27 07:53:08','2020-08-28 15:31:46'),(37,22,3,'1987-12-25 09:39:44','2010-12-01 19:14:04','2013-09-28 22:39:52','2020-08-28 15:31:46'),(38,85,2,'1979-11-19 20:47:37','1973-08-24 00:24:00','1991-05-22 17:14:06','2020-08-28 15:31:46'),(39,60,2,'2012-03-16 01:09:32','1996-01-01 15:24:51','2006-03-20 16:24:29','2020-08-28 15:31:46'),(40,46,1,'2003-11-19 07:57:15','1974-07-14 07:55:00','2013-05-11 11:36:19','2020-08-28 15:31:46'),(41,49,1,'1976-04-12 00:16:47','1996-12-06 07:30:37','1983-03-14 00:39:42','2020-08-28 15:31:46'),(42,7,3,'1977-04-13 08:43:51','1995-08-24 10:02:53','1978-07-19 20:24:53','2020-08-28 15:31:46'),(43,85,3,'1976-03-24 23:39:38','2018-09-01 02:14:27','1995-11-08 05:12:42','2020-08-28 15:31:46'),(44,4,2,'1984-02-21 00:53:27','1990-01-20 03:06:48','1980-05-16 14:06:51','2020-08-28 15:31:46'),(45,65,3,'2002-07-26 07:41:42','2010-03-05 17:12:28','1992-04-25 07:48:11','2020-08-28 15:31:46'),(46,14,3,'2017-09-09 00:50:25','2004-03-14 05:29:53','2014-05-01 05:44:39','2020-08-28 15:31:46'),(47,72,3,'2014-01-09 01:57:35','2002-12-30 05:47:42','1995-08-13 20:26:44','2020-08-28 15:31:46'),(48,19,1,'1983-07-12 14:34:29','1971-10-19 04:32:43','1988-03-28 15:18:01','2020-08-28 15:31:46'),(49,77,2,'2001-07-10 13:49:04','2012-02-24 06:46:29','1982-06-06 11:24:06','2020-08-28 15:31:46'),(50,29,1,'2012-05-10 23:58:02','1973-11-12 02:56:24','2007-12-22 12:04:29','2020-08-28 15:31:46'),(51,14,3,'2008-03-06 20:54:50','2008-10-27 08:49:23','2006-01-27 08:48:04','2020-08-28 15:31:46'),(52,80,1,'2014-06-06 01:40:28','1971-11-11 00:41:28','1977-04-23 11:36:46','2020-08-28 15:31:46'),(53,60,3,'1979-12-25 09:14:18','1986-03-18 19:02:03','2005-05-30 03:14:35','2020-08-28 15:31:46'),(54,58,1,'2007-09-25 15:53:45','1973-12-09 20:35:11','2013-05-02 14:20:19','2020-08-28 15:31:46'),(55,9,3,'1981-09-23 11:07:27','2006-12-04 14:09:24','1998-09-10 20:33:55','2020-08-28 15:31:46'),(56,72,1,'2003-04-25 00:53:51','1981-04-20 13:54:02','2019-11-18 01:16:50','2020-08-28 15:31:46'),(57,31,2,'1994-09-12 19:55:34','2009-03-19 03:01:41','1989-01-28 19:49:02','2020-08-28 15:31:46'),(58,39,2,'2014-06-13 10:01:06','2020-03-13 23:04:13','2006-06-24 02:30:42','2020-08-28 15:31:46'),(59,1,1,'2017-04-17 07:35:49','1973-01-06 12:21:12','2011-03-25 14:42:00','2020-08-28 15:31:46'),(60,88,2,'2011-06-14 00:08:52','2020-01-11 21:31:39','2013-12-11 00:37:26','2020-08-28 15:31:46'),(61,34,1,'2016-07-06 00:08:23','1996-05-22 04:56:41','1973-08-14 08:00:43','2020-08-28 15:31:46'),(62,9,1,'1982-11-22 23:10:53','1985-08-19 16:53:50','2013-06-16 07:17:51','2020-08-28 15:31:46'),(63,41,2,'2009-01-11 00:36:19','2001-05-08 06:55:34','1994-12-08 16:23:55','2020-08-28 15:31:46'),(64,79,1,'1977-12-08 11:49:05','2002-03-17 22:15:07','1985-06-30 05:14:05','2020-08-28 15:31:46'),(65,70,1,'2019-10-27 04:11:25','1998-02-28 11:03:09','2009-03-12 20:22:32','2020-08-28 15:31:46'),(66,12,2,'2017-03-06 05:36:08','2013-11-16 22:42:15','1974-04-16 12:06:43','2020-08-28 15:31:46'),(67,51,3,'2005-05-29 11:16:26','1988-04-03 02:29:43','1976-10-08 06:53:51','2020-08-28 15:31:46'),(68,17,3,'2009-06-18 19:22:26','1980-07-07 18:27:12','1993-10-13 17:42:49','2020-08-28 15:31:46'),(69,32,1,'2009-05-04 17:38:12','2005-01-23 13:16:20','1996-03-19 18:22:38','2020-08-28 15:31:46'),(70,7,3,'2005-08-20 19:40:00','1970-12-24 12:59:46','2010-11-28 04:21:20','2020-08-28 15:31:46'),(71,40,1,'2017-03-28 12:14:29','1997-10-22 03:45:51','1998-09-19 15:34:11','2020-08-28 15:31:46'),(72,77,3,'2007-04-19 20:26:14','2007-11-11 18:51:43','1972-07-29 16:45:18','2020-08-28 15:31:46'),(73,67,3,'1972-04-10 14:52:36','1976-05-09 03:08:39','1979-09-02 16:18:28','2020-08-28 15:31:46'),(74,2,2,'1979-12-21 07:02:12','2017-08-12 00:41:18','1992-03-30 20:59:47','2020-08-28 15:31:46'),(75,7,3,'1998-05-28 22:56:52','2007-10-29 19:44:28','1978-03-21 23:33:49','2020-08-28 15:31:46'),(76,31,1,'1980-05-26 23:09:37','1980-08-18 01:43:34','1994-09-23 23:52:24','2020-08-28 15:31:46'),(77,31,3,'2000-07-26 07:11:27','1980-07-03 17:16:17','1984-01-12 15:42:09','2020-08-28 15:31:46'),(78,62,3,'1996-05-14 08:30:22','1971-01-01 04:22:20','2016-11-20 18:47:39','2020-08-28 15:31:46'),(79,15,2,'1982-11-27 19:03:36','2011-01-25 06:04:43','2005-02-24 21:48:56','2020-08-28 15:31:46'),(80,89,3,'2013-01-01 06:19:16','2004-04-07 05:17:27','1979-07-01 15:33:48','2020-08-28 15:31:46'),(81,2,1,'1980-01-06 16:00:05','2014-09-21 13:11:12','1974-07-14 16:03:09','2020-08-28 15:31:46'),(82,40,1,'2004-01-15 22:24:11','2003-03-28 22:49:16','2002-04-22 10:19:19','2020-08-28 15:31:46'),(83,96,2,'2015-03-25 14:58:20','2006-09-22 12:12:01','1994-05-29 13:35:47','2020-08-28 15:31:46'),(84,58,1,'1975-12-25 05:31:05','2001-02-06 13:07:48','1996-07-20 11:01:53','2020-08-28 15:31:46'),(85,3,2,'1989-10-04 08:34:21','1988-12-13 17:58:50','2012-04-17 23:13:53','2020-08-28 15:31:46'),(86,41,1,'1972-11-25 08:53:18','2004-01-27 08:34:09','1977-06-27 22:16:48','2020-08-28 15:31:46'),(87,94,2,'1981-04-01 20:30:10','1980-04-29 09:51:48','1995-02-15 21:50:50','2020-08-28 15:31:46'),(88,46,3,'2013-08-12 18:41:22','2019-12-24 22:29:41','2006-09-11 10:17:27','2020-08-28 15:31:46'),(89,48,2,'1990-08-15 14:14:31','1989-03-11 05:49:00','2017-03-24 20:03:28','2020-08-28 15:31:46'),(90,3,2,'2002-09-15 05:08:59','1986-06-15 09:50:11','1989-04-17 00:16:44','2020-08-28 15:31:46'),(91,71,3,'2001-10-12 16:02:47','1983-10-04 22:39:35','2001-02-08 12:46:54','2020-08-28 15:31:46'),(92,43,1,'1977-03-31 05:13:07','2007-07-27 16:26:58','2001-04-28 04:25:43','2020-08-28 15:31:46'),(93,3,3,'1970-01-14 09:51:37','1974-04-13 13:10:52','1987-10-12 10:34:51','2020-08-28 15:31:46'),(94,83,3,'2001-02-13 09:22:19','2018-03-09 20:54:21','1980-03-06 19:54:42','2020-08-28 15:31:46'),(95,7,3,'1992-02-21 17:33:19','1994-06-30 18:52:04','2004-07-09 06:54:04','2020-08-28 15:31:46'),(96,86,3,'1999-02-27 08:21:48','1983-05-31 00:20:24','1975-11-28 01:54:09','2020-08-28 15:31:46'),(97,10,1,'1989-09-11 12:23:21','1978-11-06 05:50:18','1974-08-29 18:24:05','2020-08-28 15:31:46'),(98,91,3,'2016-05-20 04:42:12','2008-02-17 23:23:56','1976-12-03 12:13:19','2020-08-28 15:31:46'),(99,24,2,'1988-12-23 08:18:18','2009-07-07 20:54:25','1972-11-23 16:05:33','2020-08-28 15:31:46'),(100,49,1,'2008-04-27 08:58:01','1978-09-18 07:39:24','1984-01-07 07:09:58','2020-08-28 15:31:46');
/*!40000 ALTER TABLE `friendship` ENABLE KEYS */;
UNLOCK TABLES;

--
-- Table structure for table `friendship_statuses`
--

DROP TABLE IF EXISTS `friendship_statuses`;
/*!40101 SET @saved_cs_client     = @@character_set_client */;
/*!50503 SET character_set_client = utf8mb4 */;
CREATE TABLE `friendship_statuses` (
  `id` int unsigned NOT NULL AUTO_INCREMENT,
  `name` varchar(150) CHARACTER SET utf8 COLLATE utf8_unicode_ci NOT NULL COMMENT '╨Э╨░╨╖╨▓╨░╨╜╨╕╨╡ ╤Б╤В╨░╤В╤Г╤Б╨░',
  `created_at` datetime DEFAULT CURRENT_TIMESTAMP COMMENT '╨Т╤А╨╡╨╝╤П ╤Б╨╛╨╖╨┤╨░╨╜╨╕╤П ╤Б╤В╤А╨╛╨║╨╕',
  `updated_at` datetime DEFAULT CURRENT_TIMESTAMP ON UPDATE CURRENT_TIMESTAMP COMMENT '╨Т╤А╨╡╨╝╤П ╨╛╨▒╨╜╨╛╨▓╨╗╨╡╨╜╨╕╤П ╤Б╤В╤А╨╛╨║╨╕',
  PRIMARY KEY (`id`),
  UNIQUE KEY `name` (`name`)
) ENGINE=InnoDB DEFAULT CHARSET=utf8 COLLATE=utf8_unicode_ci COMMENT='╨б╤В╨░╤В╤Г╤Б╤Л ╨┤╤А╤Г╨╢╨▒╤Л';
/*!40101 SET character_set_client = @saved_cs_client */;

--
-- Dumping data for table `friendship_statuses`
--

LOCK TABLES `friendship_statuses` WRITE;
/*!40000 ALTER TABLE `friendship_statuses` DISABLE KEYS */;
/*!40000 ALTER TABLE `friendship_statuses` ENABLE KEYS */;
UNLOCK TABLES;

--
-- Table structure for table `media`
--

DROP TABLE IF EXISTS `media`;
/*!40101 SET @saved_cs_client     = @@character_set_client */;
/*!50503 SET character_set_client = utf8mb4 */;
CREATE TABLE `media` (
  `id` int unsigned NOT NULL AUTO_INCREMENT COMMENT '╨Ш╨┤╨╡╨╜╤В╨╕╤Д╨╕╨║╨░╤В╨╛╤А ╤Б╤В╤А╨╛╨║╨╕',
  `user_id` int unsigned NOT NULL COMMENT '╨б╤Б╤Л╨╗╨║╨░ ╨╜╨░ ╨┐╨╛╨╗╤М╨╖╨╛╨▓╨░╤В╨╡╨╗╤П, ╨║╨╛╤В╨╛╤А╤Л╨╣ ╨╖╨░╨│╤А╤Г╨╖╨╕╨╗ ╤Д╨░╨╣╨╗',
  `filepath` varchar(255) COLLATE utf8_unicode_ci DEFAULT NULL,
  `size` bigint DEFAULT NULL,
  `metadata` json DEFAULT NULL,
  `media_type_id` varchar(255) COLLATE utf8_unicode_ci DEFAULT NULL,
  `created_at` datetime DEFAULT CURRENT_TIMESTAMP COMMENT '╨Т╤А╨╡╨╝╤П ╤Б╨╛╨╖╨┤╨░╨╜╨╕╤П ╤Б╤В╤А╨╛╨║╨╕',
  `updated_at` datetime DEFAULT CURRENT_TIMESTAMP ON UPDATE CURRENT_TIMESTAMP COMMENT '╨Т╤А╨╡╨╝╤П ╨╛╨▒╨╜╨╛╨▓╨╗╨╡╨╜╨╕╤П ╤Б╤В╤А╨╛╨║╨╕',
  PRIMARY KEY (`id`),
  CONSTRAINT `media_chk_1` CHECK (json_valid(`metadata`))
) ENGINE=InnoDB AUTO_INCREMENT=101 DEFAULT CHARSET=utf8 COLLATE=utf8_unicode_ci COMMENT='╨Ь╨╡╨┤╨╕╨░╤Д╨░╨╣╨╗╤Л';
/*!40101 SET character_set_client = @saved_cs_client */;

--
-- Dumping data for table `media`
--

LOCK TABLES `media` WRITE;
/*!40000 ALTER TABLE `media` DISABLE KEYS */;
INSERT INTO `media` VALUES (1,15,'http://www.ph_keeper.com/Toy.png',291109,'{\"owner\": \"Arielle Davis\"}','3','2020-08-28 11:13:15','2020-08-28 15:18:07'),(2,35,'http://www.ph_keeper.com/Ward.avi',28376,'{\"owner\": \"Wilmer Schamberger\"}','1','2020-08-28 11:13:15','2020-08-28 15:18:07'),(3,31,'http://www.ph_keeper.com/Toy.avi',267555,'{\"owner\": \"Rickie VonRueden\"}','1','2020-08-28 11:13:15','2020-08-28 15:18:07'),(4,48,'http://www.ph_keeper.com/Turner.jpeg',251647,'{\"owner\": \"Britney Greenholt\"}','3','2020-08-28 11:13:15','2020-08-28 15:18:07'),(5,49,'http://www.ph_keeper.com/Connelly.avi',454571,'{\"owner\": \"Domenick Heller\"}','2','2020-08-28 11:13:15','2020-08-28 15:18:07'),(6,1,'http://www.ph_keeper.com/Turner.png',516915,'{\"owner\": \"Reynold Koelpin\"}','3','2020-08-28 11:13:15','2020-08-28 15:18:07'),(7,58,'http://www.ph_keeper.com/Barton.avi',219861,'{\"owner\": \"Judge Stamm\"}','2','2020-08-28 11:13:15','2020-08-28 15:18:07'),(8,84,'http://www.ph_keeper.com/Zieme.mp4',547561,'{\"owner\": \"Gerardo Connelly\"}','2','2020-08-28 11:13:15','2020-08-28 15:18:07'),(9,45,'http://www.ph_keeper.com/Schaden.jpeg',77221,'{\"owner\": \"Trevion Lebsack\"}','1','2020-08-28 11:13:15','2020-08-28 15:18:07'),(10,73,'http://www.ph_keeper.com/Lang.png',742422,'{\"owner\": \"Krista Ledner\"}','1','2020-08-28 11:13:15','2020-08-28 15:18:07'),(11,31,'http://www.ph_keeper.com/Murray.mp4',479451,'{\"owner\": \"Cesar Daniel\"}','1','2020-08-28 11:13:15','2020-08-28 15:18:07'),(12,34,'http://www.ph_keeper.com/Huels.mp4',168987,'{\"owner\": \"Pearl Toy\"}','3','2020-08-28 11:13:15','2020-08-28 15:18:07'),(13,75,'http://www.ph_keeper.com/Doyle.png',405584,'{\"owner\": \"Ava Hettinger\"}','2','2020-08-28 11:13:15','2020-08-28 15:18:07'),(14,75,'http://www.ph_keeper.com/Heller.avi',519959,'{\"owner\": \"Newton Nienow\"}','1','2020-08-28 11:13:15','2020-08-28 15:18:07'),(15,48,'http://www.ph_keeper.com/Ortiz.png',382044,'{\"owner\": \"Van Cummerata\"}','3','2020-08-28 11:13:15','2020-08-28 15:18:07'),(16,15,'http://www.ph_keeper.com/Koss.png',349342,'{\"owner\": \"Cristopher Predovic\"}','1','2020-08-28 11:13:15','2020-08-28 15:18:07'),(17,31,'http://www.ph_keeper.com/Ruecker.mp4',599579,'{\"owner\": \"Daphne Kuhlman\"}','3','2020-08-28 11:13:15','2020-08-28 15:18:07'),(18,9,'http://www.ph_keeper.com/Murray.mp4',948869,'{\"owner\": \"Kamren Becker\"}','3','2020-08-28 11:13:15','2020-08-28 15:18:07'),(19,54,'http://www.ph_keeper.com/Kunze.avi',944608,'{\"owner\": \"Rosina Greenholt\"}','3','2020-08-28 11:13:15','2020-08-28 15:18:07'),(20,39,'http://www.ph_keeper.com/Lind.jpeg',875436,'{\"owner\": \"Geo Wolff\"}','2','2020-08-28 11:13:15','2020-08-28 15:18:07'),(21,35,'http://www.ph_keeper.com/Kunze.jpeg',542355,'{\"owner\": \"Darrel Tromp\"}','2','2020-08-28 11:13:15','2020-08-28 15:18:07'),(22,57,'http://www.ph_keeper.com/Crist.avi',84468,'{\"owner\": \"Omer Jakubowski\"}','3','2020-08-28 11:13:15','2020-08-28 15:18:07'),(23,79,'http://www.ph_keeper.com/Becker.avi',794275,'{\"owner\": \"Nathen Kunze\"}','1','2020-08-28 11:13:15','2020-08-28 15:18:07'),(24,24,'http://www.ph_keeper.com/Glover.avi',716972,'{\"owner\": \"Cullen Ortiz\"}','1','2020-08-28 11:13:15','2020-08-28 15:18:07'),(25,84,'http://www.ph_keeper.com/Luettgen.mp4',201037,'{\"owner\": \"Abdul Koss\"}','1','2020-08-28 11:13:15','2020-08-28 15:18:07'),(26,45,'http://www.ph_keeper.com/Tromp.mp4',853266,'{\"owner\": \"Mia Feil\"}','1','2020-08-28 11:13:15','2020-08-28 15:18:07'),(27,75,'http://www.ph_keeper.com/Cummerata.mp4',662223,'{\"owner\": \"Maegan Blanda\"}','3','2020-08-28 11:13:15','2020-08-28 15:18:07'),(28,39,'http://www.ph_keeper.com/Considine.png',750315,'{\"owner\": \"Garry Lang\"}','2','2020-08-28 11:13:15','2020-08-28 15:18:07'),(29,69,'http://www.ph_keeper.com/Hartmann.mp4',763906,'{\"owner\": \"Sidney Pollich\"}','3','2020-08-28 11:13:15','2020-08-28 15:18:07'),(30,28,'http://www.ph_keeper.com/Koss.mp4',567585,'{\"owner\": \"Melba McGlynn\"}','3','2020-08-28 11:13:15','2020-08-28 15:18:07'),(31,32,'http://www.ph_keeper.com/Hegmann.avi',545210,'{\"owner\": \"Grayson Davis\"}','3','2020-08-28 11:13:15','2020-08-28 15:18:07'),(32,78,'http://www.ph_keeper.com/Jakubowski.png',22294,'{\"owner\": \"Mabelle Crist\"}','2','2020-08-28 11:13:15','2020-08-28 15:18:07'),(33,90,'http://www.ph_keeper.com/Mann.jpeg',474841,'{\"owner\": \"Katharina Mann\"}','1','2020-08-28 11:13:15','2020-08-28 15:18:07'),(34,18,'http://www.ph_keeper.com/Schaden.png',306324,'{\"owner\": \"Loma Carter\"}','3','2020-08-28 11:13:15','2020-08-28 15:18:07'),(35,20,'http://www.ph_keeper.com/Kirlin.avi',106097,'{\"owner\": \"Glennie Lind\"}','3','2020-08-28 11:13:15','2020-08-28 15:18:07'),(36,46,'http://www.ph_keeper.com/Zieme.jpeg',610515,'{\"owner\": \"Carley Hintz\"}','3','2020-08-28 11:13:15','2020-08-28 15:18:07'),(37,67,'http://www.ph_keeper.com/Huels.mp4',733284,'{\"owner\": \"Effie Pagac\"}','2','2020-08-28 11:13:15','2020-08-28 15:18:07'),(38,96,'http://www.ph_keeper.com/Cartwright.avi',833876,'{\"owner\": \"Pasquale Lindgren\"}','3','2020-08-28 11:13:15','2020-08-28 15:18:07'),(39,80,'http://www.ph_keeper.com/Pagac.png',968529,'{\"owner\": \"Jessica Rogahn\"}','2','2020-08-28 11:13:15','2020-08-28 15:18:07'),(40,11,'http://www.ph_keeper.com/Nikolaus.png',340015,'{\"owner\": \"Melody Ward\"}','1','2020-08-28 11:13:15','2020-08-28 15:18:07'),(41,14,'http://www.ph_keeper.com/Becker.jpeg',793491,'{\"owner\": \"Cathryn O\'Hara\"}','2','2020-08-28 11:13:15','2020-08-28 15:18:07'),(42,36,'http://www.ph_keeper.com/Cartwright.jpeg',946408,'{\"owner\": \"Kennedy Goldner\"}','1','2020-08-28 11:13:15','2020-08-28 15:18:07'),(43,40,'http://www.ph_keeper.com/Feil.png',350569,'{\"owner\": \"Madyson Kirlin\"}','1','2020-08-28 11:13:15','2020-08-28 15:18:07'),(44,89,'http://www.ph_keeper.com/Kirlin.avi',912621,'{\"owner\": \"Joanne Huels\"}','2','2020-08-28 11:13:15','2020-08-28 15:18:07'),(45,27,'http://www.ph_keeper.com/Goldner.png',510399,'{\"owner\": \"Ashtyn Jakubowski\"}','1','2020-08-28 11:13:15','2020-08-28 15:18:07'),(46,67,'http://www.ph_keeper.com/Ruecker.png',813131,'{\"owner\": \"Danyka Mosciski\"}','1','2020-08-28 11:13:15','2020-08-28 15:18:07'),(47,55,'http://www.ph_keeper.com/Hintz.avi',533459,'{\"owner\": \"Emilie Considine\"}','3','2020-08-28 11:13:15','2020-08-28 15:18:07'),(48,72,'http://www.ph_keeper.com/Padberg.jpeg',226902,'{\"owner\": \"Adelle Schaden\"}','2','2020-08-28 11:13:15','2020-08-28 15:18:07'),(49,93,'http://www.ph_keeper.com/Toy.avi',533133,'{\"owner\": \"Ozella Jakubowski\"}','3','2020-08-28 11:13:15','2020-08-28 15:18:07'),(50,49,'http://www.ph_keeper.com/Lebsack.png',983959,'{\"owner\": \"Vince Stracke\"}','1','2020-08-28 11:13:15','2020-08-28 15:18:07'),(51,67,'http://www.ph_keeper.com/Anderson.png',319399,'{\"owner\": \"Alexane Tremblay\"}','1','2020-08-28 11:13:15','2020-08-28 15:18:07'),(52,88,'http://www.ph_keeper.com/Koss.avi',644116,'{\"owner\": \"Bert Schumm\"}','3','2020-08-28 11:13:15','2020-08-28 15:18:07'),(53,36,'http://www.ph_keeper.com/Hartmann.avi',261385,'{\"owner\": \"Clementine Kihn\"}','1','2020-08-28 11:13:15','2020-08-28 15:18:07'),(54,16,'http://www.ph_keeper.com/Hartmann.mp4',373579,'{\"owner\": \"Chance Kub\"}','1','2020-08-28 11:13:15','2020-08-28 15:18:07'),(55,72,'http://www.ph_keeper.com/Koss.avi',82738,'{\"owner\": \"Loma Greenfelder\"}','1','2020-08-28 11:13:15','2020-08-28 15:18:07'),(56,10,'http://www.ph_keeper.com/Kub.avi',291953,'{\"owner\": \"Abby Steuber\"}','2','2020-08-28 11:13:15','2020-08-28 15:18:07'),(57,33,'http://www.ph_keeper.com/Feest.mp4',210554,'{\"owner\": \"Teresa Cummerata\"}','3','2020-08-28 11:13:15','2020-08-28 15:18:07'),(58,36,'http://www.ph_keeper.com/Considine.mp4',175910,'{\"owner\": \"Lorna Ullrich\"}','2','2020-08-28 11:13:15','2020-08-28 15:18:07'),(59,81,'http://www.ph_keeper.com/Kub.jpeg',246888,'{\"owner\": \"Clemmie Gleichner\"}','3','2020-08-28 11:13:15','2020-08-28 15:18:07'),(60,96,'http://www.ph_keeper.com/Greenholt.avi',705711,'{\"owner\": \"Matt Goodwin\"}','3','2020-08-28 11:13:15','2020-08-28 15:18:07'),(61,36,'http://www.ph_keeper.com/Block.png',786891,'{\"owner\": \"Maximilian Nitzsche\"}','1','2020-08-28 11:13:15','2020-08-28 15:18:07'),(62,93,'http://www.ph_keeper.com/Wolff.avi',816325,'{\"owner\": \"Everardo Anderson\"}','2','2020-08-28 11:13:15','2020-08-28 15:18:07'),(63,54,'http://www.ph_keeper.com/VonRueden.jpeg',719952,'{\"owner\": \"Elmira Volkman\"}','1','2020-08-28 11:13:15','2020-08-28 15:18:07'),(64,90,'http://www.ph_keeper.com/Ward.png',149783,'{\"owner\": \"Cordia Cartwright\"}','3','2020-08-28 11:13:15','2020-08-28 15:18:07'),(65,90,'http://www.ph_keeper.com/Barton.png',588060,'{\"owner\": \"Gladys Stanton\"}','2','2020-08-28 11:13:15','2020-08-28 15:18:07'),(66,78,'http://www.ph_keeper.com/Kuhlman.png',489952,'{\"owner\": \"Dahlia Predovic\"}','2','2020-08-28 11:13:15','2020-08-28 15:18:07'),(67,19,'http://www.ph_keeper.com/Volkman.mp4',684582,'{\"owner\": \"Matteo Hartmann\"}','3','2020-08-28 11:13:15','2020-08-28 15:18:07'),(68,61,'http://www.ph_keeper.com/Turner.avi',952053,'{\"owner\": \"Percy Sanford\"}','2','2020-08-28 11:13:15','2020-08-28 15:18:07'),(69,47,'http://www.ph_keeper.com/Pollich.mp4',705519,'{\"owner\": \"Erika Sanford\"}','2','2020-08-28 11:13:15','2020-08-28 15:18:07'),(70,52,'http://www.ph_keeper.com/Kuhlman.jpeg',670438,'{\"owner\": \"Ethan Altenwerth\"}','1','2020-08-28 11:13:15','2020-08-28 15:18:07'),(71,19,'http://www.ph_keeper.com/Ward.mp4',234634,'{\"owner\": \"Terence Zieme\"}','1','2020-08-28 11:13:15','2020-08-28 15:18:07'),(72,37,'http://www.ph_keeper.com/Hintz.jpeg',160858,'{\"owner\": \"Emory Doyle\"}','3','2020-08-28 11:13:15','2020-08-28 15:18:07'),(73,30,'http://www.ph_keeper.com/Daniel.png',99386,'{\"owner\": \"Christophe Romaguera\"}','2','2020-08-28 11:13:15','2020-08-28 15:18:07'),(74,39,'http://www.ph_keeper.com/Carter.jpeg',13358,'{\"owner\": \"Gregg Feest\"}','3','2020-08-28 11:13:15','2020-08-28 15:18:07'),(75,4,'http://www.ph_keeper.com/Hettinger.png',767634,'{\"owner\": \"Hayden O\'Keefe\"}','1','2020-08-28 11:13:15','2020-08-28 15:18:07'),(76,100,'http://www.ph_keeper.com/Nikolaus.avi',797094,'{\"owner\": \"Kaitlin Nikolaus\"}','3','2020-08-28 11:13:15','2020-08-28 15:18:07'),(77,90,'http://www.ph_keeper.com/Predovic.mp4',681571,'{\"owner\": \"Mac Mertz\"}','1','2020-08-28 11:13:15','2020-08-28 15:18:07'),(78,47,'http://www.ph_keeper.com/Lebsack.avi',15571,'{\"owner\": \"Randal Rohan\"}','3','2020-08-28 11:13:15','2020-08-28 15:18:07'),(79,66,'http://www.ph_keeper.com/Anderson.png',32143,'{\"owner\": \"Maia Effertz\"}','1','2020-08-28 11:13:15','2020-08-28 15:18:07'),(80,88,'http://www.ph_keeper.com/Labadie.jpeg',113004,'{\"owner\": \"Lucas Shanahan\"}','1','2020-08-28 11:13:15','2020-08-28 15:18:07'),(81,41,'http://www.ph_keeper.com/Rogahn.png',467592,'{\"owner\": \"Destiny Lubowitz\"}','1','2020-08-28 11:13:15','2020-08-28 15:18:07'),(82,43,'http://www.ph_keeper.com/Murray.mp4',997946,'{\"owner\": \"Zita Ruecker\"}','3','2020-08-28 11:13:15','2020-08-28 15:18:07'),(83,90,'http://www.ph_keeper.com/Daniel.mp4',585954,'{\"owner\": \"Wyman Howell\"}','1','2020-08-28 11:13:15','2020-08-28 15:18:07'),(84,21,'http://www.ph_keeper.com/Goldner.mp4',934933,'{\"owner\": \"Nya Brekke\"}','1','2020-08-28 11:13:15','2020-08-28 15:18:07'),(85,36,'http://www.ph_keeper.com/Cummerata.mp4',915804,'{\"owner\": \"Mariano Corwin\"}','2','2020-08-28 11:13:15','2020-08-28 15:18:07'),(86,17,'http://www.ph_keeper.com/Mertz.avi',773221,'{\"owner\": \"Kallie Hegmann\"}','1','2020-08-28 11:13:15','2020-08-28 15:18:07'),(87,73,'http://www.ph_keeper.com/Hegmann.avi',117694,'{\"owner\": \"Emmanuel Barton\"}','3','2020-08-28 11:13:15','2020-08-28 15:18:07'),(88,17,'http://www.ph_keeper.com/Jakubowski.png',267808,'{\"owner\": \"Erling Labadie\"}','3','2020-08-28 11:13:15','2020-08-28 15:18:07'),(89,63,'http://www.ph_keeper.com/Padberg.avi',984960,'{\"owner\": \"Keaton Luettgen\"}','2','2020-08-28 11:13:15','2020-08-28 15:18:07'),(90,65,'http://www.ph_keeper.com/Altenwerth.jpeg',120375,'{\"owner\": \"Hortense Turner\"}','2','2020-08-28 11:13:15','2020-08-28 15:18:07'),(91,37,'http://www.ph_keeper.com/Toy.avi',645994,'{\"owner\": \"Emilie Glover\"}','1','2020-08-28 11:13:15','2020-08-28 15:18:07'),(92,87,'http://www.ph_keeper.com/Feest.jpeg',867847,'{\"owner\": \"Lillie Pfannerstill\"}','1','2020-08-28 11:13:15','2020-08-28 15:18:07'),(93,23,'http://www.ph_keeper.com/Carter.jpeg',400254,'{\"owner\": \"Wilhelm Block\"}','1','2020-08-28 11:13:15','2020-08-28 15:18:07'),(94,56,'http://www.ph_keeper.com/Padberg.mp4',396727,'{\"owner\": \"Dean Wisozk\"}','3','2020-08-28 11:13:15','2020-08-28 15:18:07'),(95,7,'http://www.ph_keeper.com/Ruecker.avi',781877,'{\"owner\": \"Alivia Toy\"}','3','2020-08-28 11:13:15','2020-08-28 15:18:07'),(96,69,'http://www.ph_keeper.com/Davis.jpeg',718202,'{\"owner\": \"Macy Crona\"}','1','2020-08-28 11:13:15','2020-08-28 15:18:07'),(97,24,'http://www.ph_keeper.com/Goldner.png',244382,'{\"owner\": \"Amos Considine\"}','3','2020-08-28 11:13:15','2020-08-28 15:18:07'),(98,13,'http://www.ph_keeper.com/Koelpin.mp4',66302,'{\"owner\": \"Maude Baumbach\"}','1','2020-08-28 11:13:15','2020-08-28 15:18:07'),(99,90,'http://www.ph_keeper.com/O\'Hara.avi',597367,'{\"owner\": \"Lucinda Padberg\"}','1','2020-08-28 11:13:15','2020-08-28 15:18:07'),(100,13,'http://www.ph_keeper.com/Stracke.avi',786927,'{\"owner\": \"Quinn Murray\"}','2','2020-08-28 11:13:15','2020-08-28 15:18:07');
/*!40000 ALTER TABLE `media` ENABLE KEYS */;
UNLOCK TABLES;

--
-- Table structure for table `media_types`
--

DROP TABLE IF EXISTS `media_types`;
/*!40101 SET @saved_cs_client     = @@character_set_client */;
/*!50503 SET character_set_client = utf8mb4 */;
CREATE TABLE `media_types` (
  `id` int unsigned NOT NULL AUTO_INCREMENT COMMENT '╨Ш╨┤╨╡╨╜╤В╨╕╤Д╨╕╨║╨░╤В╨╛╤А ╤Б╤В╤А╨╛╨║╨╕',
  `name` varchar(255) CHARACTER SET utf8 COLLATE utf8_unicode_ci NOT NULL COMMENT '╨Э╨░╨╖╨▓╨░╨╜╨╕╨╡ ╤В╨╕╨┐╨░',
  `created_at` datetime DEFAULT CURRENT_TIMESTAMP COMMENT '╨Т╤А╨╡╨╝╤П ╤Б╨╛╨╖╨┤╨░╨╜╨╕╤П ╤Б╤В╤А╨╛╨║╨╕',
  `updated_at` datetime DEFAULT CURRENT_TIMESTAMP ON UPDATE CURRENT_TIMESTAMP COMMENT '╨Т╤А╨╡╨╝╤П ╨╛╨▒╨╜╨╛╨▓╨╗╨╡╨╜╨╕╤П ╤Б╤В╤А╨╛╨║╨╕',
  PRIMARY KEY (`id`),
  UNIQUE KEY `name` (`name`)
) ENGINE=InnoDB AUTO_INCREMENT=4 DEFAULT CHARSET=utf8 COLLATE=utf8_unicode_ci COMMENT='╨в╨╕╨┐╤Л ╨╝╨╡╨┤╨╕╨░╤Д╨░╨╣╨╗╨╛╨▓';
/*!40101 SET character_set_client = @saved_cs_client */;

--
-- Dumping data for table `media_types`
--

LOCK TABLES `media_types` WRITE;
/*!40000 ALTER TABLE `media_types` DISABLE KEYS */;
INSERT INTO `media_types` VALUES (1,'video','2020-08-28 11:31:37','2020-08-28 11:31:37'),(2,'audio','2020-08-28 11:31:37','2020-08-28 11:31:37'),(3,'photo','2020-08-28 11:31:37','2020-08-28 11:31:37');
/*!40000 ALTER TABLE `media_types` ENABLE KEYS */;
UNLOCK TABLES;

--
-- Table structure for table `messages`
--

DROP TABLE IF EXISTS `messages`;
/*!40101 SET @saved_cs_client     = @@character_set_client */;
/*!50503 SET character_set_client = utf8mb4 */;
CREATE TABLE `messages` (
  `id` int unsigned NOT NULL AUTO_INCREMENT COMMENT '╨Ш╨┤╨╡╨╜╤В╨╕╤Д╨╕╨║╨░╤В╨╛╤А ╤Б╤В╤А╨╛╨║╨╕',
  `from_user_id` int unsigned NOT NULL COMMENT '╨б╤Б╤Л╨╗╨║╨░ ╨╜╨░ ╨╛╤В╨┐╤А╨░╨▓╨╕╤В╨╡╨╗╤П ╤Б╨╛╨╛╨▒╤Й╨╡╨╜╨╕╤П',
  `to_user_id` int unsigned NOT NULL COMMENT '╨б╤Б╤Л╨╗╨║╨░ ╨╜╨░ ╨┐╨╛╨╗╤Г╤З╨░╤В╨╡╨╗╤П ╤Б╨╛╨╛╨▒╤Й╨╡╨╜╨╕╤П',
  `body` text CHARACTER SET utf8 COLLATE utf8_unicode_ci NOT NULL COMMENT '╨в╨╡╨║╤Б╤В ╤Б╨╛╨╛╨▒╤Й╨╡╨╜╨╕╤П',
  `is_important` tinyint(1) DEFAULT NULL COMMENT '╨Я╤А╨╕╨╖╨╜╨░╨║ ╨▓╨░╨╢╨╜╨╛╤Б╤В╨╕',
  `is_delivered` tinyint(1) DEFAULT NULL COMMENT '╨Я╤А╨╕╨╖╨╜╨░╨║ ╨┤╨╛╤Б╤В╨░╨▓╨║╨╕',
  `created_at` datetime DEFAULT CURRENT_TIMESTAMP COMMENT '╨Т╤А╨╡╨╝╤П ╤Б╨╛╨╖╨┤╨░╨╜╨╕╤П ╤Б╤В╤А╨╛╨║╨╕',
  `updated_at` datetime DEFAULT CURRENT_TIMESTAMP ON UPDATE CURRENT_TIMESTAMP COMMENT '╨Т╤А╨╡╨╝╤П ╨╛╨▒╨╜╨╛╨▓╨╗╨╡╨╜╨╕╤П ╤Б╤В╤А╨╛╨║╨╕',
  PRIMARY KEY (`id`)
) ENGINE=InnoDB AUTO_INCREMENT=101 DEFAULT CHARSET=utf8 COLLATE=utf8_unicode_ci COMMENT='╨б╨╛╨╛╨▒╤Й╨╡╨╜╨╕╤П';
/*!40101 SET character_set_client = @saved_cs_client */;

--
-- Dumping data for table `messages`
--

LOCK TABLES `messages` WRITE;
/*!40000 ALTER TABLE `messages` DISABLE KEYS */;
INSERT INTO `messages` VALUES (1,60,5,'Et harum voluptate voluptate maxime quasi facilis quisquam. Ipsum ut enim illum velit. Itaque enim deserunt rem ea sequi a explicabo explicabo. Voluptas sint voluptatem autem sed tenetur.',1,0,'2014-06-27 12:23:14','2020-08-28 08:49:32'),(2,25,91,'Recusandae debitis porro et nihil impedit et. Nulla omnis a quia voluptatem. Nihil sunt dolorem illo hic voluptatem odit. Et rerum quis nulla iste.',0,1,'2008-04-09 06:32:02','2020-08-28 08:49:32'),(3,44,39,'Sit blanditiis quis adipisci sequi ut facere labore. Voluptate est sunt eum officia dolore est tenetur. Consequatur iste nihil tempora qui quia consequuntur aut.',1,0,'2006-03-05 20:05:28','2020-08-28 08:49:32'),(4,46,23,'Quibusdam quia autem itaque deserunt. Et iste debitis et optio voluptas rerum dolor laborum. Rerum corrupti ipsum error at nihil sed. Ut hic consequatur at debitis illo.',0,0,'2020-02-09 17:03:26','2020-08-28 08:49:32'),(5,95,98,'Sapiente fugiat hic qui tenetur modi consectetur occaecati est. Quo placeat possimus aut quod. Assumenda et et ab rerum.',1,1,'1986-03-15 05:34:19','2020-08-28 08:49:32'),(6,38,21,'Quia et expedita dolor quia quibusdam a. Totam laboriosam aut incidunt consectetur non et nihil. Incidunt neque vitae odit pariatur magni id dolorum.',0,0,'1982-12-28 06:51:00','2020-08-28 08:49:32'),(7,6,12,'Error quisquam non sed id et qui commodi. Praesentium qui ratione id nesciunt blanditiis dicta. Aut reprehenderit molestiae voluptatem ratione. Qui delectus laborum ut velit.',0,1,'2010-10-09 21:39:50','2020-08-28 08:49:32'),(8,14,94,'Rerum ut illum iure praesentium earum. Corporis nam dolorem ratione sint saepe sit est. Perspiciatis sapiente rem consequatur velit et sapiente.',0,0,'2006-10-20 03:39:13','2020-08-28 08:49:32'),(9,52,33,'Minima at impedit accusamus deserunt sed tempora ut. Nobis dolor neque magnam voluptatibus quaerat. Dolorem alias blanditiis odit laboriosam placeat. Sed id dolore vel itaque beatae.',0,0,'1980-05-20 05:51:53','2020-08-28 08:49:32'),(10,17,85,'Iste harum aut minus ad optio. Ratione sit nemo vitae rerum quo. Inventore earum ut ut corporis quas rem nobis.',1,0,'1973-12-23 19:32:30','2020-08-28 08:49:32'),(11,30,25,'Sit inventore eum quod et optio. Ea esse laudantium harum ab in quidem. Eos sed dolor et delectus nulla voluptas. Sit perferendis odio praesentium quo enim.',1,1,'2018-06-11 13:07:55','2020-08-28 08:49:32'),(12,99,68,'Molestiae veritatis facere necessitatibus et quisquam consectetur ut. Enim dolorum dolores est harum maiores temporibus.',0,0,'1970-04-26 01:19:32','2020-08-28 08:49:32'),(13,2,67,'Et officiis expedita in aut quod occaecati et dolore. Veniam nihil animi quasi architecto nesciunt. Voluptatem consequatur rerum doloremque a non rerum.',1,1,'2007-08-25 13:12:04','2020-08-28 08:49:32'),(14,12,29,'Debitis ea rem recusandae eligendi. Quidem quae ratione cupiditate fugit consequatur cumque nulla. Voluptatibus sequi qui aliquid et omnis.',0,1,'1984-09-12 23:00:33','2020-08-28 08:49:32'),(15,54,43,'Iste perferendis sunt quos voluptas dolorum enim sapiente. Ullam excepturi quo sed. Et aut quidem dolor optio qui quia deleniti.',1,1,'2020-06-04 21:09:44','2020-08-28 08:49:32'),(16,36,28,'Ut similique aspernatur quae dolorem. Ipsa sint sint est vitae doloremque aut voluptas. Tempore amet magnam tempore vel deleniti eum laboriosam aperiam.',0,0,'1971-04-22 09:01:39','2020-08-28 08:49:32'),(17,15,11,'Repellat ducimus in voluptatem aliquam. Asperiores recusandae vel mollitia nulla suscipit ut perspiciatis. Exercitationem praesentium dolores rem quis.',1,0,'2020-02-29 03:03:10','2020-08-28 08:49:32'),(18,68,72,'Ab ut voluptatem expedita quaerat eius voluptas. Nam minima suscipit et eligendi unde. Deserunt ratione tempore quasi reprehenderit aut aut est.',0,0,'2001-12-27 15:18:09','2020-08-28 08:49:32'),(19,95,25,'Alias sed dolore corrupti mollitia. Sed recusandae iste et vel reiciendis quae. Non itaque fugiat placeat doloribus vel similique. Recusandae perferendis veniam aut quos dolorem.',1,1,'1974-10-13 13:40:32','2020-08-28 08:49:32'),(20,69,9,'Numquam reiciendis earum vel aliquid rerum. Nemo qui sunt dolore dolore ut laborum. Alias sed soluta nihil atque qui. Consectetur ab itaque quos fugiat eius sint magni minima.',0,1,'2018-01-05 10:56:54','2020-08-28 08:49:32'),(21,59,70,'Reiciendis perspiciatis laudantium et asperiores est est. Sit quo maiores assumenda dicta quia vero. Eum quia cum libero est sed autem et.',0,0,'1997-12-30 08:17:37','2020-08-28 08:49:32'),(22,90,23,'Ea non ipsa est voluptatibus. Quidem sunt delectus perspiciatis. Nulla ullam delectus esse molestiae dicta velit exercitationem.',1,1,'2006-03-09 23:29:57','2020-08-28 08:49:32'),(23,70,4,'Rerum dolorem iusto voluptatem blanditiis enim sequi quia. Expedita similique suscipit et sit. Aut nemo veritatis neque cupiditate autem animi. Qui omnis dolor porro voluptas eum ipsa praesentium.',1,1,'2017-12-24 23:30:48','2020-08-28 08:49:32'),(24,82,48,'Unde sit architecto architecto nesciunt consequatur. Voluptatem quia distinctio earum aut ea. Dignissimos quia laudantium quia sed ex veniam. Voluptas magni et sit sed est.',0,1,'2004-07-06 21:52:40','2020-08-28 08:49:32'),(25,100,31,'Soluta facere voluptatem aliquam quia voluptatem. Sed non doloremque magni tempora officiis nostrum odit vel. Exercitationem mollitia aut sint nihil et quidem. Neque asperiores possimus harum corporis et doloribus doloribus.',1,0,'2001-04-24 17:00:56','2020-08-28 08:49:32'),(26,53,9,'Blanditiis saepe magnam esse ipsam qui culpa est. Labore sit ut cumque maxime totam est in optio. Sunt amet minus iusto. Recusandae et eveniet officia reprehenderit omnis nulla.',0,0,'1973-07-25 08:55:21','2020-08-28 08:49:32'),(27,62,51,'Est ratione distinctio quisquam aliquam quod aut enim aut. Facilis in ipsam quo quas explicabo. Repellendus odio minima vel necessitatibus repellendus occaecati.',0,1,'1999-04-17 02:50:08','2020-08-28 08:49:32'),(28,52,27,'Et maxime est esse voluptatem. Error harum recusandae ratione deserunt aut neque. Voluptatum qui neque modi ab quod error.',1,1,'1982-12-25 02:13:35','2020-08-28 08:49:32'),(29,72,81,'Eius ut quo quod. Veniam molestias suscipit sit vel molestias repudiandae illo molestiae. Autem suscipit quis nisi velit temporibus. Consequatur animi porro ad quae harum. Ut officiis consequatur eius nemo optio.',1,0,'2003-12-28 19:32:31','2020-08-28 08:49:32'),(30,3,23,'Autem ipsum fugiat et non sed. Atque et et unde quis sint. Sit quia maxime dignissimos. Sed at officiis voluptas error voluptatem iusto.',0,0,'2014-04-25 08:23:21','2020-08-28 08:49:32'),(31,99,73,'Id qui iusto similique consectetur itaque asperiores nulla similique. Laudantium ut voluptatibus dolor cum necessitatibus nemo culpa. Quia minus ut aliquid eum fuga beatae. Minus ut sit et consequatur omnis. Perferendis et deserunt omnis sint.',1,1,'1980-09-18 00:58:37','2020-08-28 08:49:32'),(32,85,94,'Explicabo possimus voluptatem accusantium. Molestiae quis vel ea aut. Voluptatem at repellat non illo. Magni impedit laudantium occaecati ipsa voluptates expedita.',1,1,'1983-04-07 06:02:20','2020-08-28 08:49:32'),(33,27,52,'Dolorem temporibus qui accusantium neque. Aut voluptas aut impedit est nisi in sapiente. Praesentium est et quos quia. Minima sit ut blanditiis. Aut pariatur omnis itaque quasi atque consequatur.',0,1,'1995-06-17 01:44:30','2020-08-28 08:49:32'),(34,82,77,'Consequuntur mollitia quos consequuntur nostrum. Laudantium voluptatibus eaque laborum expedita veritatis. Expedita harum incidunt est cum id tempora.',1,1,'1983-10-26 14:08:46','2020-08-28 08:49:32'),(35,26,27,'Laboriosam voluptas laudantium id voluptatibus temporibus officia. Quasi debitis labore quo est quibusdam. Minima optio non aperiam vitae laboriosam officia provident. Ut voluptas est quasi sapiente.',1,0,'2019-02-13 11:57:49','2020-08-28 08:49:32'),(36,86,6,'Qui omnis autem ex sit. Neque expedita velit error accusantium accusantium consequatur. Facere vero officiis beatae porro velit et blanditiis.',0,0,'2019-05-05 13:29:56','2020-08-28 08:49:32'),(37,49,48,'Laborum quam et consequatur nostrum veniam totam sint. Dolore sed nihil totam et ducimus optio facere in. Natus aliquid error delectus quo. Et consequatur repudiandae expedita sint molestias provident nesciunt. Debitis quae veniam non explicabo id.',0,1,'1983-05-07 08:45:17','2020-08-28 08:49:32'),(38,86,22,'Quae temporibus dolorem sed ducimus. Laudantium ut non quae qui mollitia. Quis quae quibusdam necessitatibus quia culpa. Harum aut in et.',0,0,'1999-10-25 19:47:17','2020-08-28 08:49:32'),(39,83,67,'Nulla id qui sequi incidunt. Blanditiis ut libero vel explicabo iste quam. Ut error omnis et voluptas. Est et sunt quos explicabo eos quam iusto ut.',0,1,'1994-06-14 07:36:49','2020-08-28 08:49:32'),(40,56,66,'Aut et hic id. Debitis ratione voluptatem deleniti. Enim architecto ratione repellendus sunt maiores temporibus. Quibusdam quia reiciendis laboriosam repudiandae.',1,1,'1975-11-13 01:54:51','2020-08-28 08:49:32'),(41,32,31,'Nisi repellendus voluptas aliquid beatae est dolorem. Ex dolores possimus repellendus voluptas nostrum sapiente reiciendis. Suscipit iusto exercitationem aut sed voluptatem unde qui.',0,0,'1995-01-28 06:50:07','2020-08-28 08:49:32'),(42,91,57,'Ut dolores accusantium iure id vitae velit quia. Illum architecto vel temporibus itaque aut veritatis consequatur. Et hic voluptatem in modi. Dolores eligendi fugiat omnis voluptate iure ut laudantium.',0,0,'2019-10-21 05:06:16','2020-08-28 08:49:32'),(43,57,88,'Sint est delectus est et iure accusantium fugit. Dolore non voluptatum in et porro voluptatem maiores. Voluptas illo corporis eveniet in illo inventore nihil occaecati. Nobis veritatis voluptatem ipsa iusto cupiditate perferendis inventore.',0,1,'1983-01-13 20:40:56','2020-08-28 08:49:32'),(44,11,71,'Autem rerum impedit aut expedita magnam ut fugit. Totam est ab velit error eos exercitationem. At qui inventore similique sint aut non. Qui sit sint qui repellat est illum. Vel similique ex ea saepe rerum.',1,0,'1993-08-19 13:38:03','2020-08-28 08:49:32'),(45,85,90,'Aut voluptatum est facere. Sed adipisci et nulla quam.',0,0,'2001-03-11 10:04:41','2020-08-28 08:49:32'),(46,91,37,'Veniam fugit vitae eveniet culpa quia et. Voluptatem repellat autem corporis tempore maiores. Repellendus unde beatae qui voluptatibus quibusdam ex magni sequi.',1,1,'1999-10-18 13:00:07','2020-08-28 08:49:32'),(47,1,13,'Consectetur eveniet eum ipsam in ut reprehenderit. Odio odio explicabo dolores nihil itaque aut rerum.',0,1,'1992-11-08 05:37:48','2020-08-28 08:49:32'),(48,32,55,'Eligendi voluptatem quis hic autem et quia itaque maiores. Ipsam quia velit aliquam doloribus non in. Unde maiores voluptas qui debitis placeat explicabo.',0,1,'1978-07-21 21:47:10','2020-08-28 08:49:32'),(49,53,34,'Ea nulla omnis recusandae fuga. Consectetur voluptatem suscipit autem est.',1,0,'2004-03-24 17:50:11','2020-08-28 08:49:32'),(50,72,6,'Minus et rerum consectetur velit. Necessitatibus aspernatur et ipsam esse possimus fugiat sed. Et aperiam nihil ipsa dolore. Deleniti consequuntur neque qui similique atque eum.',0,0,'2006-11-21 01:25:31','2020-08-28 08:49:32'),(51,100,26,'Dolores sequi nisi voluptatem repudiandae. Rerum ut ut commodi labore. Nisi quibusdam ea voluptas et expedita est iure. Officiis sit omnis libero.',1,1,'2017-08-01 18:21:30','2020-08-28 08:49:32'),(52,85,14,'Quas esse amet modi cupiditate facere. Incidunt excepturi ipsa nostrum minus vel quibusdam dolores qui. Qui in at corrupti nesciunt quo quae placeat vel. Qui impedit delectus cum beatae dignissimos aut earum.',0,0,'2014-12-21 05:07:03','2020-08-28 08:49:32'),(53,23,91,'Modi harum est doloremque ipsum quia. Veniam voluptas consequuntur nam consectetur aut corrupti impedit. Tempora minima autem in vero.',1,0,'1983-11-20 11:19:28','2020-08-28 08:49:32'),(54,58,11,'Repellendus perspiciatis ut assumenda et. Labore voluptas aperiam porro modi. Corporis amet non et vel culpa numquam sint mollitia. Repellendus earum vel aut non.',1,0,'1974-01-20 09:14:15','2020-08-28 08:49:32'),(55,22,84,'Cumque omnis at veritatis dolores possimus possimus debitis. Dolor a quod occaecati suscipit et. Repellendus fugit eius voluptatem voluptatem. Qui qui distinctio recusandae maiores vel dolore iure. Dolorem sed ipsa hic voluptatem eum.',0,0,'1980-07-22 08:26:54','2020-08-28 08:49:32'),(56,35,84,'Facere et commodi voluptas animi veritatis rerum. Est aut consequatur dolores. Dolores voluptates omnis dolorum. Natus omnis ut voluptas vero voluptatem magni iste.',0,0,'2011-01-15 02:25:48','2020-08-28 08:49:32'),(57,8,70,'Et aut culpa quod porro et. Facere numquam facere nam quae iste. Aut non ut nam hic veniam illum. Vitae ut veniam quasi dicta.',0,0,'2015-07-22 21:02:23','2020-08-28 08:49:32'),(58,33,97,'Est reiciendis cumque aut praesentium. Quaerat amet ea natus tenetur iste. Exercitationem sunt incidunt non sed commodi nam. Molestiae voluptatem eos veniam nisi reprehenderit explicabo. Qui nesciunt consequuntur beatae dolor quidem qui velit.',0,1,'1986-08-30 10:02:51','2020-08-28 08:49:32'),(59,44,75,'Repudiandae accusamus totam fuga quam est. Labore ut iste culpa. Aut sapiente reprehenderit dolores unde sunt.',1,0,'1976-10-13 19:42:11','2020-08-28 08:49:32'),(60,18,83,'Voluptatem ex corporis exercitationem. Sed quos ipsam ea aliquid iusto incidunt dolorem. Sed distinctio id numquam quidem. Quam voluptas repellat quia nisi.',1,1,'1990-06-11 08:44:16','2020-08-28 08:49:32'),(61,57,87,'Sunt quae nostrum assumenda quae. Qui quia nihil ducimus itaque aliquid veritatis molestias. Exercitationem tempora dolores nesciunt non.',0,1,'2004-10-27 23:38:43','2020-08-28 08:49:32'),(62,33,89,'Tempora dolor officia accusamus. Ullam soluta a ut fugit expedita. Aut in placeat voluptatem vel fuga illo ad. Aperiam reiciendis maxime iusto qui blanditiis ut.',1,0,'1981-08-25 14:33:07','2020-08-28 08:49:32'),(63,94,80,'Quas error earum qui id nulla veniam et. Nemo qui in delectus nesciunt omnis est velit. Inventore sequi accusantium aut et tenetur.',0,0,'1973-03-30 07:24:07','2020-08-28 08:49:32'),(64,70,35,'Est ut nesciunt ut eius ducimus cum sint excepturi. Repudiandae quidem impedit eos repellat dolorum.',1,1,'2011-02-03 06:02:04','2020-08-28 08:49:32'),(65,65,34,'Et laboriosam nesciunt reiciendis et iure illo. Accusantium sit rerum non nisi iusto aliquam est. Voluptatem et aut qui cum. At explicabo fuga ea est.',1,1,'1977-04-24 12:37:48','2020-08-28 08:49:32'),(66,16,65,'Deserunt labore non nostrum error consequuntur aspernatur nam. Aut esse commodi aut consequatur quo. Quia non et aut earum mollitia dolor.',1,0,'2015-01-08 08:11:06','2020-08-28 08:49:32'),(67,85,20,'Non aut possimus assumenda sit ut. Unde minus est voluptas veniam optio temporibus quis. Quisquam voluptas cupiditate saepe repellendus. Alias nihil omnis eos dolor vitae officia dolor.',0,1,'1994-10-31 08:32:13','2020-08-28 08:49:32'),(68,76,7,'Rem ex dignissimos voluptate doloremque nesciunt consequatur quas consequatur. Adipisci natus quo ut placeat necessitatibus voluptatum ut. Eius dolorem magni sint nesciunt. Voluptatibus et tempora est.',1,0,'1995-12-09 11:56:12','2020-08-28 08:49:32'),(69,26,72,'Incidunt rerum voluptate totam doloribus mollitia officia. Non at quis sit adipisci quam. Natus repudiandae corrupti et ut voluptatum voluptate. Suscipit quae quibusdam repellendus cum omnis cupiditate nesciunt.',0,1,'2009-09-05 22:11:04','2020-08-28 08:49:32'),(70,99,41,'Enim mollitia architecto eius laborum. Nihil quibusdam exercitationem rerum quia. Quas iste dolor illum reiciendis nihil eum ullam. Explicabo repellat voluptas dolorem in et sed.',0,1,'2012-03-04 19:20:11','2020-08-28 08:49:32'),(71,18,88,'Qui recusandae unde animi nulla nemo tempore occaecati soluta. Maiores quis magni exercitationem et. Exercitationem sequi asperiores est dolorem.',0,0,'2000-11-26 03:20:50','2020-08-28 08:49:32'),(72,90,15,'A quam non saepe unde deserunt dolor placeat. Unde quo et delectus qui minima est. Voluptatem est magni non odio quia.',1,0,'1980-10-31 14:43:34','2020-08-28 08:49:32'),(73,98,11,'Tenetur quis assumenda corporis similique. Est consequuntur est sed fugit. Quis at aut voluptas non molestiae cumque atque est.',1,0,'1999-03-17 16:21:18','2020-08-28 08:49:32'),(74,18,8,'Dolor officia at labore dignissimos laborum quam ut quia. Ipsam architecto sequi quia voluptatem magni magni. Fugit non quod voluptatem eos alias. Vero consequatur aut sapiente quia et.',0,0,'1970-03-11 07:13:05','2020-08-28 08:49:32'),(75,95,8,'Expedita ut vero sint consequatur fugit ut. Doloribus incidunt eveniet cupiditate perferendis.',1,0,'1975-05-16 07:43:02','2020-08-28 08:49:32'),(76,20,17,'Facilis sint fugit aliquid voluptatem facilis est molestias. In voluptatem et dolor ratione officiis dolor. Placeat porro voluptas odit accusantium voluptatum.',1,1,'2014-09-14 05:20:14','2020-08-28 08:49:32'),(77,15,58,'Magnam necessitatibus dolorem sapiente eius enim quia. Rerum qui explicabo excepturi est quos beatae dolores. Temporibus voluptas earum recusandae corporis. Aut consectetur perspiciatis quis repellat sapiente esse.',1,1,'1999-03-03 13:35:14','2020-08-28 08:49:32'),(78,14,38,'Rerum dolorem animi repellat consequatur assumenda adipisci ipsum. Quis esse porro et illum eligendi. Est quia velit quasi voluptatem fuga nulla consequatur.',1,1,'2002-02-26 10:57:11','2020-08-28 08:49:32'),(79,25,15,'Ea et error aspernatur harum amet. Omnis incidunt delectus occaecati earum consequatur quia. Enim quo velit ex cumque consequuntur.',0,0,'2020-06-12 14:20:32','2020-08-28 08:49:32'),(80,84,60,'Nemo fugit nihil labore vero quisquam nulla deleniti. Quia sit sint quis autem. Eligendi sunt rerum aut consectetur ullam nobis. Laboriosam nihil error et dolorem iusto enim quibusdam.',0,0,'1988-05-24 03:08:43','2020-08-28 08:49:32'),(81,42,56,'Consequatur dolor amet id quis eaque quaerat. Aperiam corporis provident dicta magnam necessitatibus voluptas maxime. Officiis et est neque sint. Similique minima quod harum a porro est voluptatum vel.',1,1,'1989-01-28 17:02:31','2020-08-28 08:49:32'),(82,59,98,'Ut optio aut consequatur voluptates reprehenderit odit sint. Nobis eaque qui voluptas reiciendis cumque et eos. Recusandae ea sint ut delectus.',0,0,'1999-05-29 21:25:43','2020-08-28 08:49:32'),(83,66,24,'Fugit sunt sunt ipsam. Accusamus reprehenderit rem quasi et. Error numquam voluptatem nam.',0,1,'2011-11-18 19:33:17','2020-08-28 08:49:32'),(84,55,22,'Autem nostrum fugiat distinctio ab commodi recusandae. Quia fugit earum vitae eum doloremque repellat minima. Ut culpa aut modi animi optio dolores.',0,0,'2013-04-24 01:32:29','2020-08-28 08:49:32'),(85,76,40,'Nihil repudiandae recusandae dolor ipsa distinctio. Esse eos occaecati facilis nemo voluptas eaque in tempore. Consequatur ut nostrum exercitationem iste veritatis voluptas doloribus. Minus veritatis non dolorem adipisci vero animi cumque. Quisquam cum error voluptate.',1,0,'1990-07-29 10:48:13','2020-08-28 08:49:32'),(86,15,34,'Aut id eos a non. Dolor quia dolore consequuntur minima possimus velit ea. Illum excepturi consequatur voluptatum.',0,0,'2008-02-16 14:22:23','2020-08-28 08:49:32'),(87,45,49,'Praesentium ut animi dolores iusto repudiandae omnis. Ut eius quis eveniet dolores inventore ut pariatur. Omnis quo labore eveniet est omnis deserunt est.',1,1,'1993-05-17 17:52:19','2020-08-28 08:49:32'),(88,78,41,'Nam et ut qui reprehenderit deserunt. Dolor et veniam est quo. Occaecati id excepturi rerum eum placeat voluptatem deleniti. Amet non sit officiis ipsam blanditiis.',1,0,'2018-12-13 02:05:38','2020-08-28 08:49:32'),(89,58,57,'Omnis dolorum asperiores perferendis debitis eaque magni nisi. Praesentium nam quia ullam necessitatibus aperiam nam. Repellendus rerum debitis similique rerum.',0,0,'2005-04-30 19:13:51','2020-08-28 08:49:32'),(90,55,64,'Quos voluptatem eos sint qui laudantium. Perferendis id necessitatibus odit rem in accusamus. Sint quia consequuntur labore numquam itaque eius. Aperiam velit itaque nulla adipisci eaque exercitationem voluptatum.',1,1,'1988-01-04 02:13:38','2020-08-28 08:49:32'),(91,99,47,'Nisi cumque iure placeat ullam ipsam. Et libero quo iure eaque amet asperiores. Minima a dolore eos sit eligendi quas. In nihil modi sint ut porro et.',0,1,'1990-04-13 08:15:21','2020-08-28 08:49:32'),(92,31,43,'Praesentium laboriosam est voluptatem illum iste consequatur dolorum. Quas ea magnam consequatur libero illo consequatur id. Ullam repudiandae debitis sed sunt maxime.',0,0,'1989-05-19 10:45:28','2020-08-28 08:49:32'),(93,56,75,'Et quia alias fugit in consequatur consequatur. Voluptates ullam explicabo harum quae quia iure repellendus. Sit fugit mollitia iure nobis aliquam.',0,0,'2000-08-25 08:29:00','2020-08-28 08:49:32'),(94,88,44,'Autem eius est praesentium cupiditate ratione. Tenetur dolor consectetur non ut ea mollitia. Ut dolorem veritatis minima harum doloribus omnis. Corrupti iure distinctio fugiat autem.',0,0,'2014-03-04 15:29:26','2020-08-28 08:49:32'),(95,71,95,'Ut in sint et ad dolores. Voluptatem beatae debitis unde aut. Dolor rerum earum deserunt excepturi qui quia. Beatae rerum accusamus sequi ipsum vero nulla.',1,0,'2001-05-02 12:09:23','2020-08-28 08:49:05'),(96,90,42,'Suscipit facilis minus sed velit non provident. Exercitationem sed dolor aut cupiditate vel aut vero. Rerum dolore voluptatem ut harum. Molestiae et quaerat odio vel quidem sit corrupti.',1,1,'1975-09-23 18:34:13','2020-08-28 08:49:32'),(97,36,24,'Eos qui voluptatem blanditiis quibusdam alias voluptatem repudiandae. Deserunt veniam saepe qui dolorem optio. Officiis enim dicta enim dolorum id et et facere. Voluptatum perspiciatis in possimus dolorem qui aspernatur.',0,1,'1989-07-13 05:47:37','2020-08-28 08:49:32'),(98,12,95,'Quasi facere ut voluptatem quam non. Hic quibusdam aut soluta aliquid aliquid veniam. Eaque soluta ut explicabo velit asperiores. Occaecati sit sequi molestiae deserunt quam culpa.',0,1,'1984-08-22 12:31:57','2020-08-28 08:49:32'),(99,49,2,'Ut nihil aut ea sit voluptatibus a. Dolores eos eveniet quae vero possimus. Quod animi esse nesciunt quo voluptas facere.',0,0,'1987-07-14 05:09:48','2020-08-28 08:49:32'),(100,11,26,'Ullam dolor sed ut fuga illo eius. Ex numquam dolorem officiis magnam maiores. Doloribus eveniet veritatis voluptatem recusandae excepturi voluptas. Corrupti ut non illum autem mollitia nisi. Soluta nisi est ducimus nam deserunt.',0,0,'1987-09-29 12:26:55','2020-08-28 08:49:32');
/*!40000 ALTER TABLE `messages` ENABLE KEYS */;
UNLOCK TABLES;

--
-- Table structure for table `profiles`
--

DROP TABLE IF EXISTS `profiles`;
/*!40101 SET @saved_cs_client     = @@character_set_client */;
/*!50503 SET character_set_client = utf8mb4 */;
CREATE TABLE `profiles` (
  `user_id` int unsigned NOT NULL COMMENT '╨б╤Б╤Л╨╗╨║╨░ ╨╜╨░ ╨┐╨╛╨╗╤М╨╖╨╛╨▓╨░╤В╨╡╨╗╤П',
  `gender` char(1) CHARACTER SET utf8 COLLATE utf8_unicode_ci NOT NULL COMMENT '╨Я╨╛╨╗',
  `birthday` date DEFAULT NULL COMMENT '╨Ф╨░╤В╨░ ╤А╨╛╨╢╨┤╨╡╨╜╨╕╤П',
  `photo_id` int unsigned DEFAULT NULL COMMENT '╨б╤Б╤Л╨╗╨║╨░ ╨╜╨░ ╨╛╤Б╨╜╨╛╨▓╨╜╤Г╤О ╤Д╨╛╤В╨╛╨│╤А╨░╤Д╨╕╤О ╨┐╨╛╨╗╤М╨╖╨╛╨▓╨░╤В╨╡╨╗╤П',
  `city` varchar(130) CHARACTER SET utf8 COLLATE utf8_unicode_ci DEFAULT NULL COMMENT '╨У╨╛╤А╨╛╨┤ ╨┐╤А╨╛╨╢╨╕╨▓╨░╨╜╨╕╤П',
  `country` varchar(130) CHARACTER SET utf8 COLLATE utf8_unicode_ci DEFAULT NULL COMMENT '╨б╤В╤А╨░╨╜╨░ ╨┐╤А╨╛╨╢╨╕╨▓╨░╨╜╨╕╤П',
  `created_at` datetime DEFAULT CURRENT_TIMESTAMP COMMENT '╨Т╤А╨╡╨╝╤П ╤Б╨╛╨╖╨┤╨░╨╜╨╕╤П ╤Б╤В╤А╨╛╨║╨╕',
  `updated_at` datetime DEFAULT CURRENT_TIMESTAMP ON UPDATE CURRENT_TIMESTAMP COMMENT '╨Т╤А╨╡╨╝╤П ╨╛╨▒╨╜╨╛╨▓╨╗╨╡╨╜╨╕╤П ╤Б╤В╤А╨╛╨║╨╕',
  PRIMARY KEY (`user_id`)
) ENGINE=InnoDB DEFAULT CHARSET=utf8 COLLATE=utf8_unicode_ci COMMENT='╨Я╤А╨╛╤Д╨╕╨╗╨╕';
/*!40101 SET character_set_client = @saved_cs_client */;

--
-- Dumping data for table `profiles`
--

LOCK TABLES `profiles` WRITE;
/*!40000 ALTER TABLE `profiles` DISABLE KEYS */;
INSERT INTO `profiles` VALUES (1,'M','1995-07-05',789199,'Bergnaumbury','Western Sahara','2011-09-14 00:39:23','2020-08-28 08:24:25'),(2,'M','2010-06-27',5504794,'Klockofort','Angola','1995-10-21 09:50:17','2020-08-28 08:24:25'),(3,'F','2018-09-30',93,'Erdmanland','Liechtenstein','1978-04-08 07:00:29','2020-08-28 08:24:25'),(4,'M','1999-04-16',3942,'Madisenmouth','United Kingdom','1985-10-09 04:24:40','2020-08-28 08:24:25'),(5,'F','2003-05-10',7,'Feeneyhaven','Algeria','2002-10-08 00:00:59','2020-08-28 08:24:25'),(6,'F','1986-06-27',8666596,'West Felipemouth','Anguilla','2001-04-18 12:35:00','2020-08-28 08:24:25'),(7,'M','1987-05-28',662326866,'Caleighstad','Monaco','2006-12-11 10:30:59','2020-08-28 08:24:25'),(8,'F','2018-04-11',0,'East Margot','Switzerland','1972-12-01 02:32:29','2020-08-28 08:24:25'),(9,'M','1997-07-27',105,'North Maevebury','Chad','2009-07-23 19:21:41','2020-08-28 08:24:25'),(10,'M','1997-03-19',45586,'Rogahnfort','Tunisia','1974-01-23 22:13:11','2020-08-28 08:24:25'),(11,'F','2007-12-23',287029586,'Hauckburgh','Jordan','1999-08-13 14:02:55','2020-08-28 08:24:25'),(12,'F','1981-01-30',580979587,'East Antoniomouth','Georgia','1997-02-09 17:10:42','2020-08-28 08:24:25'),(13,'F','2012-12-26',66,'Hammeschester','Bulgaria','2006-04-19 15:38:21','2020-08-28 08:24:25'),(14,'M','2014-04-06',79630,'Port Maynardside','France','1984-05-22 20:23:31','2020-08-28 08:24:25'),(15,'M','2001-08-06',13211828,'New Eunicemouth','Italy','1988-02-27 02:25:22','2020-08-28 08:24:25'),(16,'M','1986-07-24',31910311,'East Isabelleview','Saint Vincent and the Grenadines','2007-04-14 17:32:20','2020-08-28 08:24:25'),(17,'M','2013-11-13',174034,'New Mina','Zimbabwe','2007-03-08 13:32:56','2020-08-28 08:24:25'),(18,'M','1998-11-07',0,'Kossshire','Australia','1997-02-27 15:11:23','2020-08-28 08:24:25'),(19,'F','2008-04-12',97821035,'North Winifred','Afghanistan','1990-02-25 23:16:11','2020-08-28 08:24:25'),(20,'M','1989-08-07',57708095,'Remingtonstad','Sudan','1985-11-17 03:09:24','2020-08-28 08:24:25'),(21,'F','1970-07-05',93676241,'Theresaville','Philippines','2000-09-09 23:40:26','2020-08-28 08:24:25'),(22,'F','1971-03-01',0,'East Lucas','Saint Barthelemy','2013-09-05 12:32:22','2020-08-28 08:24:25'),(23,'F','2002-09-21',23161,'Lake Unique','Belize','2006-09-02 19:09:20','2020-08-28 08:24:25'),(24,'M','1991-08-26',82,'Garettchester','Belize','2009-01-02 01:52:47','2020-08-28 08:24:25'),(25,'F','1979-07-16',8126,'Millsview','Aruba','1989-04-18 22:57:25','2020-08-28 08:24:25'),(26,'M','1991-05-07',54,'Harveystad','Albania','2004-12-27 22:00:50','2020-08-28 08:24:25'),(27,'F','2013-11-02',503715982,'West Eveline','Dominican Republic','1998-11-09 21:36:02','2020-08-28 08:24:25'),(28,'M','2014-04-04',0,'West Braeden','Tokelau','1988-11-19 03:24:19','2020-08-28 08:24:25'),(29,'F','2007-11-19',251292789,'Feestton','United States Minor Outlying Islands','2003-06-15 22:55:09','2020-08-28 08:24:25'),(30,'M','1985-11-05',23331,'West Jacklyn','Angola','1995-11-14 17:06:58','2020-08-28 08:24:25'),(31,'M','1975-01-31',34,'Port Silasville','Norfolk Island','2000-11-14 13:37:46','2020-08-28 08:24:25'),(32,'F','1986-04-06',9738,'Port Haventon','Brazil','2004-10-01 02:52:22','2020-08-28 08:24:25'),(33,'F','1979-04-07',119,'Oberbrunnerview','Micronesia','2008-03-23 09:33:55','2020-08-28 08:24:25'),(34,'M','2019-12-29',0,'Adityahaven','Belize','2006-11-16 00:46:56','2020-08-28 08:24:25'),(35,'F','1980-03-22',72961302,'New Owenhaven','Argentina','2007-08-25 05:09:36','2020-08-28 08:24:25'),(36,'M','1978-06-24',44,'Port Karolann','Turks and Caicos Islands','2014-11-03 03:45:41','2020-08-28 08:24:25'),(37,'M','1973-01-29',1827710,'North Jessy','Bosnia and Herzegovina','1987-12-21 16:44:55','2020-08-28 08:24:25'),(38,'M','1975-12-21',1407522,'New Ethel','Brazil','1977-01-06 03:33:21','2020-08-28 08:24:25'),(39,'F','1971-04-18',72,'Trentonberg','Bahrain','1984-11-15 09:30:58','2020-08-28 08:24:25'),(40,'F','1979-08-21',5264,'Bednarside','Chile','1981-09-13 22:11:36','2020-08-28 08:24:25'),(41,'F','2020-07-10',63787266,'Grantton','Gibraltar','1996-11-16 21:45:34','2020-08-28 08:24:25'),(42,'F','2009-02-20',4,'Dorcaston','Saint Martin','2009-08-30 18:43:13','2020-08-28 08:24:25'),(43,'F','2013-03-22',878105470,'West Israeltown','Paraguay','1984-08-09 03:08:42','2020-08-28 08:24:25'),(44,'F','2019-11-06',58769,'East Tavaresfurt','Denmark','2003-05-25 00:47:30','2020-08-28 08:24:25'),(45,'F','1974-12-23',756455,'Gennaromouth','Netherlands Antilles','1992-08-27 16:33:43','2020-08-28 08:24:25'),(46,'M','1978-07-20',2111488,'Lunaberg','United Arab Emirates','1987-06-13 15:59:33','2020-08-28 08:24:25'),(47,'F','1972-09-15',973076987,'Barbarashire','Pakistan','1974-08-01 21:54:15','2020-08-28 08:24:25'),(48,'M','2009-04-30',13,'Lake Petra','Bulgaria','1995-07-07 14:03:55','2020-08-28 08:24:25'),(49,'M','2005-10-17',8220,'Lake Barrychester','Bolivia','1986-04-06 02:22:00','2020-08-28 08:24:25'),(50,'F','2001-03-02',2360643,'Lake Luciochester','Estonia','2010-07-14 10:44:41','2020-08-28 08:24:25'),(51,'M','1982-11-02',0,'Lake Adrain','Madagascar','2017-02-12 04:50:26','2020-08-28 08:24:25'),(52,'F','2001-10-08',19887768,'Shanahanberg','Montenegro','2013-07-10 17:53:39','2020-08-28 08:24:25'),(53,'F','1982-06-14',875,'Wilburnhaven','Korea','1995-09-16 15:54:50','2020-08-28 08:24:25'),(54,'F','2010-04-30',80,'Teresafurt','Martinique','1992-01-14 23:03:47','2020-08-28 08:24:25'),(55,'M','1995-05-07',310,'South Erickamouth','British Indian Ocean Territory (Chagos Archipelago)','1988-07-11 07:28:22','2020-08-28 08:24:25'),(56,'F','1972-08-07',10333,'Swifttown','Guam','2017-06-14 02:57:35','2020-08-28 08:24:25'),(57,'M','2009-07-22',0,'Hermanburgh','Swaziland','2003-03-14 17:09:15','2020-08-28 08:24:25'),(58,'M','1981-02-27',967182757,'Lake Tania','Grenada','2005-02-28 23:53:18','2020-08-28 08:24:25'),(59,'F','1983-09-09',99296,'Colefurt','Wallis and Futuna','2012-01-14 22:10:28','2020-08-28 08:24:25'),(60,'M','2002-02-04',88,'Newellfort','United Kingdom','2012-01-22 07:48:55','2020-08-28 08:24:25'),(61,'F','1991-11-14',336,'South Karinashire','Guatemala','1992-04-02 10:11:01','2020-08-28 08:24:25'),(62,'M','2018-10-16',35712,'West Avery','Dominican Republic','1984-02-13 00:45:43','2020-08-28 08:24:25'),(63,'M','2010-03-30',31,'New Brycenport','Mexico','2017-09-21 11:53:21','2020-08-28 08:24:25'),(64,'M','1980-11-25',1,'Simonemouth','British Virgin Islands','2017-06-22 23:11:08','2020-08-28 08:24:25'),(65,'M','1995-01-23',396,'Sebastianmouth','Afghanistan','1998-02-23 04:57:08','2020-08-28 08:24:25'),(66,'F','2008-07-28',7,'Nikostad','El Salvador','2015-12-02 22:39:15','2020-08-28 08:24:25'),(67,'F','1972-02-22',77639408,'O\'Keefestad','Sri Lanka','1984-04-05 23:46:36','2020-08-28 08:24:25'),(68,'M','1995-03-19',1,'Nicolaston','French Guiana','1989-05-22 18:25:41','2020-08-28 08:24:25'),(69,'F','2006-04-07',812554,'West Angelochester','Georgia','2018-01-13 09:57:02','2020-08-28 08:24:25'),(70,'F','1995-01-22',2806021,'Lake Marisolview','Kenya','2018-01-30 04:49:55','2020-08-28 08:24:25'),(71,'F','2020-01-29',7519421,'East Golda','Poland','1978-10-02 17:54:10','2020-08-28 08:24:25'),(72,'M','1980-11-04',1589,'Stoltenbergchester','Uzbekistan','1988-10-08 03:45:35','2020-08-28 08:24:25'),(73,'M','2018-12-09',26500569,'South Nicoleland','Uzbekistan','1990-10-11 09:57:47','2020-08-28 08:24:25'),(74,'F','1994-10-19',616,'Kariberg','Ethiopia','1975-10-11 21:51:54','2020-08-28 08:24:25'),(75,'M','1975-03-22',41216,'Napoleonport','Serbia','1982-09-03 07:02:06','2020-08-28 08:24:25'),(76,'F','1970-03-03',813885,'Mekhishire','United States of America','1999-08-22 04:24:45','2020-08-28 08:24:25'),(77,'F','2013-12-31',626,'Watersfort','South Africa','1974-07-10 18:26:06','2020-08-28 08:24:25'),(78,'M','2001-08-28',8463,'Maceyview','Sweden','2019-11-29 12:37:59','2020-08-28 08:24:25'),(79,'F','1979-07-27',2,'New Orlandview','Senegal','2006-04-05 15:22:26','2020-08-28 08:24:25'),(80,'F','1992-08-04',26001972,'East Clotilde','Iran','2015-10-05 20:38:02','2020-08-28 08:24:25'),(81,'M','1995-08-05',3037439,'East Lennaside','Ecuador','2004-03-27 11:19:53','2020-08-28 08:24:25'),(82,'M','1994-10-11',2,'Lamarfort','Uganda','1986-03-21 12:15:56','2020-08-28 08:24:25'),(83,'M','1976-01-24',91108007,'North Grantchester','British Virgin Islands','2003-11-16 09:43:16','2020-08-28 08:24:25'),(84,'M','1974-02-25',5764134,'Hermanton','Martinique','1984-04-13 02:40:00','2020-08-28 08:24:25'),(85,'F','1997-08-08',96,'West Marc','Guinea','1986-04-25 06:37:10','2020-08-28 08:24:25'),(86,'F','2009-04-26',1006889,'Juliafort','Haiti','1983-06-04 10:45:24','2020-08-28 08:24:25'),(87,'F','1989-10-02',562,'North Olin','Vietnam','1996-03-21 18:04:14','2020-08-28 08:24:25'),(88,'M','2019-10-22',2307013,'Rocioshire','Tokelau','2017-07-28 03:31:49','2020-08-28 08:24:25'),(89,'F','1982-06-19',58,'Port Jermain','Niger','1974-07-05 20:36:51','2020-08-28 08:24:25'),(90,'F','2010-06-24',777618446,'South Kimberlyborough','Japan','1975-08-11 13:21:55','2020-08-28 08:24:25'),(91,'F','2002-09-05',5350549,'Gleasonhaven','Mongolia','1974-09-16 15:01:12','2020-08-28 08:24:25'),(92,'M','2005-10-15',21828,'South Elmoburgh','Reunion','2019-02-02 01:10:18','2020-08-28 08:24:25'),(93,'M','1971-12-10',36614577,'South Retaview','Vanuatu','1998-05-10 21:26:13','2020-08-28 08:24:25'),(94,'M','2011-10-16',2,'Lake Tanyastad','Bahamas','2004-08-22 04:08:00','2020-08-28 08:24:25'),(95,'F','1975-02-23',501578,'North Carolanneview','Moldova','1998-09-13 23:18:11','2020-08-28 08:24:25'),(96,'M','1974-03-23',0,'Kohlermouth','Sudan','2000-07-17 13:55:51','2020-08-28 08:24:25'),(97,'M','1996-01-30',0,'Port Lessie','Uganda','2005-11-17 18:20:22','2020-08-28 08:24:25'),(98,'F','2012-04-17',5309477,'Ebertmouth','Brazil','1998-12-24 23:23:02','2020-08-28 08:24:25'),(99,'M','1980-11-16',28210,'Lake Hayliebury','Yemen','1992-05-04 09:16:35','2020-08-28 08:24:25'),(100,'F','2018-01-04',951049,'New Isabelberg','Sierra Leone','1999-06-10 03:26:48','2020-08-28 08:24:25');
/*!40000 ALTER TABLE `profiles` ENABLE KEYS */;
UNLOCK TABLES;

--
-- Table structure for table `users`
--

DROP TABLE IF EXISTS `users`;
/*!40101 SET @saved_cs_client     = @@character_set_client */;
/*!50503 SET character_set_client = utf8mb4 */;
CREATE TABLE `users` (
  `id` int unsigned NOT NULL AUTO_INCREMENT COMMENT '╨Ш╨┤╨╡╨╜╤В╨╕╤Д╨╕╨║╨░╤В╨╛╤А ╤Б╤В╤А╨╛╨║╨╕',
  `first_name` varchar(100) CHARACTER SET utf8 COLLATE utf8_unicode_ci NOT NULL COMMENT '╨Ш╨╝╤П ╨┐╨╛╨╗╤М╨╖╨╛╨▓╨░╤В╨╡╨╗╤П',
  `last_name` varchar(100) CHARACTER SET utf8 COLLATE utf8_unicode_ci NOT NULL COMMENT '╨д╨░╨╝╨╕╨╗╨╕╤П ╨┐╨╛╨╗╤М╨╖╨╛╨▓╨░╤В╨╡╨╗╤П',
  `email` varchar(100) CHARACTER SET utf8 COLLATE utf8_unicode_ci NOT NULL COMMENT '╨Я╨╛╤З╤В╨░',
  `phone` varchar(100) CHARACTER SET utf8 COLLATE utf8_unicode_ci NOT NULL COMMENT '╨в╨╡╨╗╨╡╤Д╨╛╨╜',
  `created_at` datetime DEFAULT CURRENT_TIMESTAMP COMMENT '╨Т╤А╨╡╨╝╤П ╤Б╨╛╨╖╨┤╨░╨╜╨╕╤П ╤Б╤В╤А╨╛╨║╨╕',
  `updated_at` datetime DEFAULT CURRENT_TIMESTAMP ON UPDATE CURRENT_TIMESTAMP COMMENT '╨Т╤А╨╡╨╝╤П ╨╛╨▒╨╜╨╛╨▓╨╗╨╡╨╜╨╕╤П ╤Б╤В╤А╨╛╨║╨╕',
  PRIMARY KEY (`id`),
  UNIQUE KEY `email` (`email`),
  UNIQUE KEY `phone` (`phone`)
) ENGINE=InnoDB AUTO_INCREMENT=101 DEFAULT CHARSET=utf8 COLLATE=utf8_unicode_ci COMMENT='╨Я╨╛╨╗╤М╨╖╨╛╨▓╨░╤В╨╡╨╗╨╕';
/*!40101 SET character_set_client = @saved_cs_client */;

--
-- Dumping data for table `users`
--

LOCK TABLES `users` WRITE;
/*!40000 ALTER TABLE `users` DISABLE KEYS */;
INSERT INTO `users` VALUES (1,'Arielle','Davis','reilly.vincenzo@example.net','1-454-789-3687x3376','1995-04-18 16:27:24','2020-08-27 20:58:16'),(2,'Wilmer','Schamberger','dlangosh@example.com','461-844-1977','2009-11-17 19:55:38','2020-08-27 20:58:16'),(3,'Rickie','VonRueden','breana99@example.net','117-724-2558','2005-05-14 13:35:29','2013-10-23 21:58:38'),(4,'Britney','Greenholt','watson07@example.net','1-235-903-5912x13919','1985-05-01 08:08:31','2019-11-12 01:35:16'),(5,'Domenick','Heller','evans.carter@example.net','022-166-0226x88593','2003-03-13 21:44:17','2006-09-11 14:59:13'),(6,'Reynold','Koelpin','ogusikowski@example.org','(009)577-5253','1977-05-24 10:37:04','2009-06-01 09:40:33'),(7,'Judge','Stamm','kunde.sydnie@example.org','1-186-289-6332x191','1977-08-29 06:11:31','1988-03-07 11:17:16'),(8,'Gerardo','Connelly','bdare@example.com','+58(4)5572328009','2018-12-05 09:42:48','2020-08-27 20:58:16'),(9,'Trevion','Lebsack','altenwerth.tracy@example.org','1-843-791-3115','2000-03-03 03:45:14','2020-08-27 20:58:16'),(10,'Krista','Ledner','blueilwitz@example.org','227-460-5138','2002-09-05 01:38:56','2020-08-27 20:58:16'),(11,'Cesar','Daniel','fiona.jerde@example.org','664.528.9940','2017-04-24 21:28:56','2020-08-27 20:58:16'),(12,'Pearl','Toy','dino90@example.org','1-114-934-7208x1964','1975-12-09 05:18:01','2010-09-03 18:52:17'),(13,'Ava','Hettinger','velva32@example.com','1-390-296-8668x7672','1970-06-08 06:09:55','1993-09-20 03:21:44'),(14,'Newton','Nienow','elinor35@example.org','00016391602','2001-04-15 04:06:38','2007-05-12 13:15:00'),(15,'Van','Cummerata','maryse12@example.org','06330262413','2009-01-15 19:03:15','2020-08-27 20:58:16'),(16,'Cristopher','Predovic','jaiden26@example.org','426.896.8934x956','2015-06-19 03:55:32','2020-08-27 20:58:16'),(17,'Daphne','Kuhlman','carissa.beier@example.net','481-632-0979x90699','1997-02-08 21:27:49','2001-03-11 17:31:43'),(18,'Kamren','Becker','kbrakus@example.com','1-351-550-1442','2000-06-20 12:53:51','2020-08-27 20:58:16'),(19,'Rosina','Greenholt','audie.ebert@example.com','(905)614-0349','1983-02-22 05:30:38','2020-08-27 20:58:16'),(20,'Geo','Wolff','lauryn87@example.com','06615751950','1978-12-08 13:46:29','1989-09-18 03:38:42'),(21,'Darrel','Tromp','amara27@example.com','(755)450-7730','1988-10-16 00:26:29','2020-08-27 20:58:16'),(22,'Omer','Jakubowski','elenora62@example.org','487-221-0876x169','1971-01-19 15:19:13','2016-09-22 22:56:29'),(23,'Nathen','Kunze','garland.lind@example.org','1-255-015-5650x12899','1982-12-22 18:29:00','1985-07-19 02:02:09'),(24,'Cullen','Ortiz','stroman.sheila@example.org','1-915-818-7968x077','1986-12-11 19:15:59','2018-08-26 11:50:14'),(25,'Abdul','Koss','holson@example.net','909.539.5238x6948','1994-10-08 14:59:44','1998-05-17 21:18:31'),(26,'Mia','Feil','cecilia97@example.com','(870)924-7339x075','1974-07-19 11:03:44','1976-02-20 04:35:41'),(27,'Maegan','Blanda','rudolph25@example.com','1-056-404-3726','1976-07-04 13:35:29','2016-04-20 15:50:18'),(28,'Garry','Lang','dkonopelski@example.net','1-753-294-6616','1973-02-07 01:42:04','2010-04-18 01:44:29'),(29,'Sidney','Pollich','tyrique56@example.com','581.399.7770','1981-12-03 05:39:07','1987-04-20 01:36:23'),(30,'Melba','McGlynn','alfonzo.mosciski@example.net','075-570-8599','2013-11-29 09:14:35','2020-08-27 20:58:16'),(31,'Grayson','Davis','rdaniel@example.com','1-691-083-2059x91453','1988-05-09 23:44:24','1993-03-29 11:14:52'),(32,'Mabelle','Crist','flatley.derrick@example.org','1-270-781-0897x80862','1976-02-14 23:17:56','1994-04-26 21:48:16'),(33,'Katharina','Mann','no\'keefe@example.org','+21(1)1032837979','1974-01-28 00:49:34','2019-04-29 05:44:31'),(34,'Loma','Carter','marcia82@example.com','333-950-9764','1999-01-27 13:34:37','2001-05-18 17:20:20'),(35,'Glennie','Lind','cummings.margaret@example.com','743.377.8401','2007-12-28 04:27:52','2020-08-27 20:58:16'),(36,'Carley','Hintz','effertz.elvie@example.net','1-367-658-0448x510','2017-09-14 08:35:29','2020-08-27 20:58:16'),(37,'Effie','Pagac','larson.jarred@example.net','158-699-2535','2007-04-25 17:27:39','2020-08-27 20:58:16'),(38,'Pasquale','Lindgren','qdeckow@example.org','+09(7)5950545514','1975-05-26 07:15:35','1978-05-06 07:08:27'),(39,'Jessica','Rogahn','yfeest@example.org','09399371832','1997-11-15 06:06:36','1997-12-12 02:40:57'),(40,'Melody','Ward','junior48@example.com','1-790-420-0722x77171','2012-08-20 19:35:53','2020-08-27 20:58:16'),(41,'Cathryn','O\'Hara','retta21@example.net','(320)497-1768','1979-08-12 11:07:59','1999-08-06 10:16:22'),(42,'Kennedy','Goldner','gveum@example.org','950-563-7665','1987-02-06 07:52:01','2020-08-27 20:58:16'),(43,'Madyson','Kirlin','xpredovic@example.net','911.353.5304','2007-05-19 16:16:09','2020-08-27 20:58:16'),(44,'Joanne','Huels','garrick41@example.com','674.233.6015x930','2020-07-11 03:27:06','2020-08-27 20:58:16'),(45,'Ashtyn','Jakubowski','kihn.devonte@example.org','604.756.3990x5753','1990-01-15 05:21:58','2011-02-24 07:22:46'),(46,'Danyka','Mosciski','bhermiston@example.net','653.087.4103x31758','2020-01-05 11:56:02','2020-08-27 20:58:16'),(47,'Emilie','Considine','lurline53@example.org','(381)838-9190','1984-12-25 04:29:08','2018-06-04 03:43:13'),(48,'Adelle','Schaden','olin89@example.net','1-699-212-8822x2694','2009-07-08 00:56:43','2013-03-16 21:21:48'),(49,'Ozella','Jakubowski','verner.olson@example.net','(796)082-8425x089','1978-05-18 17:36:29','2003-04-27 22:31:05'),(50,'Vince','Stracke','humberto54@example.org','(924)751-0054','1989-10-14 08:54:45','2020-08-27 20:58:16'),(51,'Alexane','Tremblay','ngerhold@example.net','1-196-599-4498','1979-03-15 08:23:08','1985-06-08 09:41:24'),(52,'Bert','Schumm','xkoepp@example.net','273-306-4344x3197','2008-09-05 05:51:36','2020-08-27 20:58:16'),(53,'Clementine','Kihn','shea79@example.org','260.977.3142x19389','1985-11-02 13:26:13','2007-02-09 15:19:01'),(54,'Chance','Kub','nikolaus.eldridge@example.org','057.971.9938','1971-06-07 23:39:27','2005-04-19 00:33:40'),(55,'Loma','Greenfelder','roselyn84@example.com','1-732-394-6964x19128','1994-02-19 23:15:46','2020-08-27 20:58:16'),(56,'Abby','Steuber','kaitlin.parisian@example.com','1-977-319-4943','1979-04-02 08:24:20','1985-05-06 02:35:41'),(57,'Teresa','Cummerata','ejacobson@example.com','733.127.6051','1998-06-26 01:58:13','2019-12-27 14:54:50'),(58,'Lorna','Ullrich','sonya.conroy@example.org','338-404-5693','2003-09-16 15:53:03','2007-02-28 05:08:17'),(59,'Clemmie','Gleichner','oleta95@example.com','444-490-6566','1976-01-13 11:59:57','2008-08-03 01:50:10'),(60,'Matt','Goodwin','sanford.henriette@example.org','06921745033','1983-03-20 09:13:22','2020-08-27 20:58:16'),(61,'Maximilian','Nitzsche','jordane02@example.net','1-887-864-7101x166','1987-02-04 05:31:02','2020-08-27 20:58:16'),(62,'Everardo','Anderson','jacklyn.johnson@example.org','1-996-411-9945x91540','1996-02-10 20:52:06','2013-04-04 01:13:06'),(63,'Elmira','Volkman','grant.alfonzo@example.com','986-345-1387','1996-05-30 19:24:05','2020-08-27 20:58:16'),(64,'Cordia','Cartwright','henry.bahringer@example.com','386-503-7162x25038','2000-09-22 13:07:33','2020-08-27 20:58:16'),(65,'Gladys','Stanton','micah08@example.com','1-378-185-8863','1996-10-18 18:21:57','2020-08-27 20:58:16'),(66,'Dahlia','Predovic','nakia.spencer@example.org','01742435834','2010-09-12 15:45:19','2015-09-22 04:40:39'),(67,'Matteo','Hartmann','kayla.blanda@example.com','575.194.4304x2940','2009-11-05 21:57:33','2020-08-27 20:58:16'),(68,'Percy','Sanford','dannie34@example.net','+77(8)9237570960','2005-02-15 16:14:18','2020-08-27 20:58:16'),(69,'Erika','Sanford','phoebe.daugherty@example.com','(153)557-6675x66582','2008-04-03 05:29:12','2020-08-27 20:58:16'),(70,'Ethan','Altenwerth','allison.marvin@example.net','1-793-163-4041x2651','2018-01-27 02:14:03','2020-08-27 20:58:16'),(71,'Terence','Zieme','sedrick.witting@example.com','1-704-709-8367','2018-01-17 09:52:32','2020-08-27 20:58:16'),(72,'Emory','Doyle','stanford87@example.net','(683)214-5656x64421','2010-12-01 19:56:16','2020-08-27 20:58:16'),(73,'Christophe','Romaguera','wbergnaum@example.org','152-812-7397','2004-02-23 03:20:32','2008-05-27 13:50:19'),(74,'Gregg','Feest','norris98@example.net','(173)319-8162x96061','1996-10-14 14:17:54','2020-08-27 20:58:16'),(75,'Hayden','O\'Keefe','hester.franecki@example.net','710.944.1203x983','1993-03-12 13:40:49','2005-06-19 01:52:24'),(76,'Kaitlin','Nikolaus','conroy.leila@example.org','1-097-886-8157x1695','1990-09-24 12:06:57','2020-08-27 20:58:16'),(77,'Mac','Mertz','gondricka@example.net','02032162864','1972-10-09 21:20:30','1998-12-18 07:50:02'),(78,'Randal','Rohan','gaylord.terrill@example.org','134.975.4082x462','1987-11-25 02:06:16','2015-10-15 03:05:24'),(79,'Maia','Effertz','femard@example.org','449-748-7827','1982-03-04 16:36:20','1992-03-26 01:13:27'),(80,'Lucas','Shanahan','patience.hane@example.com','(822)233-0921','1975-04-01 10:11:54','2005-06-16 12:23:37'),(81,'Destiny','Lubowitz','trystan.stanton@example.com','462.344.4653x8024','2004-08-21 03:38:12','2020-08-27 20:58:16'),(82,'Zita','Ruecker','abe04@example.org','483.910.7172x7067','2012-06-07 11:52:43','2020-08-27 20:58:16'),(83,'Wyman','Howell','kwitting@example.org','(728)389-1980x59662','1998-11-24 14:49:33','2018-07-18 09:57:03'),(84,'Nya','Brekke','ylangosh@example.com','1-508-077-7473','1983-04-13 23:07:26','2020-08-27 20:58:16'),(85,'Mariano','Corwin','hermann.ricky@example.net','1-665-794-5047x23797','1976-04-14 13:10:54','2020-08-27 20:58:16'),(86,'Kallie','Hegmann','tklocko@example.com','664.192.1715x239','1978-07-27 15:22:06','1995-01-10 01:20:52'),(87,'Emmanuel','Barton','domenico86@example.org','151.563.3110','1981-11-11 09:00:51','1994-03-22 09:33:02'),(88,'Erling','Labadie','gleichner.felicia@example.net','1-524-164-1530','2001-02-27 14:53:13','2008-02-11 10:40:32'),(89,'Keaton','Luettgen','efrain49@example.com','1-674-769-0719','1973-08-16 11:21:29','2015-12-23 12:54:35'),(90,'Hortense','Turner','nestor80@example.org','(829)004-4533','1998-10-26 23:25:00','2020-08-27 20:58:16'),(91,'Emilie','Glover','schmeler.stanley@example.com','017-369-3755','2002-04-09 14:40:45','2018-07-18 02:14:41'),(92,'Lillie','Pfannerstill','zboehm@example.org','08630315343','1971-10-16 17:00:16','1979-11-01 14:23:56'),(93,'Wilhelm','Block','pfeffer.molly@example.net','+38(3)2784905819','2011-05-10 23:58:36','2014-05-02 14:40:27'),(94,'Dean','Wisozk','cicero.donnelly@example.net','133.832.6423','2013-07-06 18:06:48','2020-08-27 20:58:16'),(95,'Alivia','Toy','don38@example.org','551-943-9981','1979-12-24 06:57:43','2002-08-04 20:47:14'),(96,'Macy','Crona','jeremy.schaefer@example.com','607-341-3306','1972-01-19 03:09:07','1994-09-25 15:04:58'),(97,'Amos','Considine','amara.beier@example.org','1-062-392-3409x4942','2002-09-26 09:21:21','2020-08-27 20:58:16'),(98,'Maude','Baumbach','hartmann.nathen@example.net','1-249-550-2247','1992-07-30 15:19:33','2015-08-18 09:56:24'),(99,'Lucinda','Padberg','rigoberto.nader@example.org','541.277.7126','2003-02-05 02:59:26','2020-08-27 20:58:16'),(100,'Quinn','Murray','dariana28@example.net','04200921608','1996-12-07 00:50:20','2020-08-27 20:58:16');
/*!40000 ALTER TABLE `users` ENABLE KEYS */;
UNLOCK TABLES;

--
-- Dumping routines for database 'vk'
--
/*!40103 SET TIME_ZONE=@OLD_TIME_ZONE */;

/*!40101 SET SQL_MODE=@OLD_SQL_MODE */;
/*!40014 SET FOREIGN_KEY_CHECKS=@OLD_FOREIGN_KEY_CHECKS */;
/*!40014 SET UNIQUE_CHECKS=@OLD_UNIQUE_CHECKS */;
/*!40101 SET CHARACTER_SET_CLIENT=@OLD_CHARACTER_SET_CLIENT */;
/*!40101 SET CHARACTER_SET_RESULTS=@OLD_CHARACTER_SET_RESULTS */;
/*!40101 SET COLLATION_CONNECTION=@OLD_COLLATION_CONNECTION */;
/*!40111 SET SQL_NOTES=@OLD_SQL_NOTES */;

-- Dump completed on 2020-08-28 21:44:18
